"","price.index","arr_time.x","dep_time.x","dur_hours.x","dur_minutes.x","parse_time.x","fl_class.x","fl_from.x","fl_to.x","arr_time.y","dep_time.y","dur_hours.y","dur_minutes.y","parse_time.y","fl_class.y","fl_from.y","fl_to.y","changes1","changes2","ncomp","options1","options2","price","stops1","stops2","opt.sum","Aeroflot","Aigle Azur","Air Berlin","Air France","Alitalia","British Airways","Czech Airlines","Finnair","KLM","LOT Polish Airlines","Lufthansa","Niki Luftfahrt","Rossiya","SAS","Swiss","Transaero","Tyrolean","Ukraine Intl"
"1",0,"2013-05-15 12:10","2013-05-15 07:25",6,45,"2013-05-10 23:51","E","MOW","PAR","2013-05-28 15:45","2013-05-28 07:35",6,10,"2013-05-10 23:51","E","MOW","PAR",1,2,2,1,2,13710,1,1,3,0,0,0,1,0,0,0,0,0,0,0,0,0,0,0,0,0,1
"2",0,"2013-05-15 12:10","2013-05-15 07:25",6,45,"2013-05-10 23:51","E","MOW","PAR","2013-05-28 23:20","2013-05-28 13:20",8,0,"2013-05-10 23:51","E","MOW","PAR",1,2,2,1,2,13710,1,1,3,0,0,0,1,0,0,0,0,0,0,0,0,0,0,0,0,0,1
"3",1,"2013-05-15 12:10","2013-05-15 07:35",6,35,"2013-05-10 23:51","E","MOW","PAR","2013-05-28 15:45","2013-05-28 07:35",6,10,"2013-05-10 23:51","E","MOW","PAR",1,2,2,1,2,14167,1,1,3,0,0,0,1,0,0,0,0,0,0,0,0,0,0,0,0,0,1
"4",1,"2013-05-15 12:10","2013-05-15 07:35",6,35,"2013-05-10 23:51","E","MOW","PAR","2013-05-28 23:20","2013-05-28 13:20",8,0,"2013-05-10 23:51","E","MOW","PAR",1,2,2,1,2,14167,1,1,3,0,0,0,1,0,0,0,0,0,0,0,0,0,0,0,0,0,1
"5",2,"2013-05-15 12:10","2013-05-15 07:25",6,45,"2013-05-10 23:51","E","MOW","PAR","2013-05-28 21:30","2013-05-28 12:45",6,45,"2013-05-10 23:51","E","MOW","PAR",1,2,2,1,2,14530,1,1,3,0,0,0,1,0,0,0,0,0,0,0,0,0,0,0,0,0,1
"6",2,"2013-05-15 12:10","2013-05-15 07:25",6,45,"2013-05-10 23:51","E","MOW","PAR","2013-05-28 21:30","2013-05-28 13:20",6,10,"2013-05-10 23:51","E","MOW","PAR",1,2,2,1,2,14530,1,1,3,0,0,0,1,0,0,0,0,0,0,0,0,0,0,0,0,0,1
"7",3,"2013-05-15 11:40","2013-05-15 07:00",6,40,"2013-05-10 23:51","E","MOW","PAR","2013-05-28 21:30","2013-05-28 12:40",6,50,"2013-05-10 23:51","E","MOW","PAR",1,2,1,1,2,14547,1,1,3,0,0,0,0,0,0,0,0,0,0,0,0,1,0,0,0,0,0
"8",3,"2013-05-15 11:40","2013-05-15 07:00",6,40,"2013-05-10 23:51","E","MOW","PAR","2013-05-28 22:30","2013-05-28 12:40",7,50,"2013-05-10 23:51","E","MOW","PAR",1,2,1,1,2,14547,1,1,3,0,0,0,0,0,0,0,0,0,0,0,0,1,0,0,0,0,0
"9",4,"2013-05-15 19:35","2013-05-15 12:25",9,10,"2013-05-10 23:51","E","MOW","PAR","2013-05-28 21:40","2013-05-28 13:25",6,15,"2013-05-10 23:51","E","MOW","PAR",2,1,2,2,1,14553,1,1,3,0,0,0,1,0,0,1,0,0,0,0,0,0,0,0,0,0,0
"10",4,"2013-05-15 22:20","2013-05-15 16:30",7,50,"2013-05-10 23:51","E","MOW","PAR","2013-05-28 21:40","2013-05-28 13:25",6,15,"2013-05-10 23:51","E","MOW","PAR",2,1,2,2,1,14553,1,1,3,0,0,0,1,0,0,1,0,0,0,0,0,0,0,0,0,0,0
"11",5,"2013-05-15 21:55","2013-05-15 18:35",5,20,"2013-05-10 23:51","E","MOW","PAR","2013-05-29 02:20","2013-05-28 18:45",5,35,"2013-05-10 23:51","E","MOW","PAR",1,1,1,1,1,14824,1,1,2,0,0,0,0,0,0,0,0,0,0,0,0,0,0,1,0,0,0
"12",6,"2013-05-15 21:55","2013-05-15 18:35",5,20,"2013-05-10 23:51","E","MOW","PAR","2013-05-28 17:30","2013-05-28 09:20",6,10,"2013-05-10 23:51","E","MOW","PAR",1,1,2,1,1,14930,1,1,2,0,0,0,0,0,0,0,0,0,0,1,0,0,0,1,0,0,0
"13",7,"2013-05-15 12:10","2013-05-15 07:35",6,35,"2013-05-10 23:51","E","MOW","PAR","2013-05-28 21:30","2013-05-28 12:45",6,45,"2013-05-10 23:51","E","MOW","PAR",1,2,2,1,2,14987,1,1,3,0,0,0,1,0,0,0,0,0,0,0,0,0,0,0,0,0,1
"14",7,"2013-05-15 12:10","2013-05-15 07:35",6,35,"2013-05-10 23:51","E","MOW","PAR","2013-05-28 21:30","2013-05-28 13:20",6,10,"2013-05-10 23:51","E","MOW","PAR",1,2,2,1,2,14987,1,1,3,0,0,0,1,0,0,0,0,0,0,0,0,0,0,0,0,0,1
"15",8,"2013-05-15 21:55","2013-05-15 18:35",5,20,"2013-05-10 23:51","E","MOW","PAR","2013-05-28 18:25","2013-05-28 09:20",7,5,"2013-05-10 23:51","E","MOW","PAR",1,3,2,1,3,15120,1,1,4,0,0,0,0,0,0,0,0,0,0,1,0,0,0,1,0,0,0
"16",8,"2013-05-15 21:55","2013-05-15 18:35",5,20,"2013-05-10 23:51","E","MOW","PAR","2013-05-28 18:25","2013-05-28 10:50",5,35,"2013-05-10 23:51","E","MOW","PAR",1,3,2,1,3,15120,1,1,4,0,0,0,0,0,0,0,0,0,0,1,0,0,0,1,0,0,0
"17",8,"2013-05-15 21:55","2013-05-15 18:35",5,20,"2013-05-10 23:51","E","MOW","PAR","2013-05-29 01:55","2013-05-28 17:55",6,0,"2013-05-10 23:51","E","MOW","PAR",1,3,2,1,3,15120,1,1,4,0,0,0,0,0,0,0,0,0,0,1,0,0,0,1,0,0,0
"18",9,"2013-05-15 21:55","2013-05-15 18:35",5,20,"2013-05-10 23:51","E","MOW","PAR","2013-05-28 14:35","2013-05-28 07:00",5,35,"2013-05-10 23:51","E","MOW","PAR",1,2,2,1,2,15383,1,1,3,0,0,0,1,0,0,0,0,0,0,0,0,0,0,1,0,0,0
"19",9,"2013-05-15 21:55","2013-05-15 18:35",5,20,"2013-05-10 23:51","E","MOW","PAR","2013-05-29 02:25","2013-05-28 18:30",5,55,"2013-05-10 23:51","E","MOW","PAR",1,2,2,1,2,15383,1,1,3,0,0,0,1,0,0,0,0,0,0,0,0,0,0,1,0,0,0
"20",10,"2013-05-15 10:10","2013-05-15 06:35",5,35,"2013-05-10 23:51","E","MOW","PAR","2013-05-29 02:20","2013-05-28 18:45",5,35,"2013-05-10 23:51","E","MOW","PAR",4,1,2,4,1,15597,1,1,5,0,0,0,1,0,0,0,0,0,0,0,0,0,0,1,0,0,0
"21",10,"2013-05-15 11:40","2013-05-15 06:35",7,5,"2013-05-10 23:51","E","MOW","PAR","2013-05-29 02:20","2013-05-28 18:45",5,35,"2013-05-10 23:51","E","MOW","PAR",4,1,2,4,1,15597,1,1,5,0,0,0,1,0,0,0,0,0,0,0,0,0,0,1,0,0,0
"22",10,"2013-05-15 13:15","2013-05-15 06:35",8,40,"2013-05-10 23:51","E","MOW","PAR","2013-05-29 02:20","2013-05-28 18:45",5,35,"2013-05-10 23:51","E","MOW","PAR",4,1,2,4,1,15597,1,1,5,0,0,0,1,0,0,0,0,0,0,0,0,0,0,1,0,0,0
"23",10,"2013-05-15 21:40","2013-05-15 18:00",5,40,"2013-05-10 23:51","E","MOW","PAR","2013-05-29 02:20","2013-05-28 18:45",5,35,"2013-05-10 23:51","E","MOW","PAR",4,1,2,4,1,15597,1,1,5,0,0,0,1,0,0,0,0,0,0,0,0,0,0,1,0,0,0
"24",11,"2013-05-15 09:00","2013-05-15 05:30",5,30,"2013-05-10 23:51","E","MOW","PAR","2013-05-28 21:40","2013-05-28 13:25",6,15,"2013-05-10 23:51","E","MOW","PAR",2,1,3,2,1,15598,1,1,3,1,0,0,1,0,0,1,0,0,0,0,0,0,0,0,0,0,0
"25",11,"2013-05-15 19:35","2013-05-15 16:00",5,35,"2013-05-10 23:51","E","MOW","PAR","2013-05-28 21:40","2013-05-28 13:25",6,15,"2013-05-10 23:51","E","MOW","PAR",2,1,3,2,1,15598,1,1,3,1,0,0,1,0,0,1,0,0,0,0,0,0,0,0,0,0,0
"26",12,"2013-05-15 19:35","2013-05-15 12:25",9,10,"2013-05-10 23:51","E","MOW","PAR","2013-05-28 15:35","2013-05-28 07:25",6,10,"2013-05-10 23:51","E","MOW","PAR",2,3,2,2,3,15598,1,1,5,0,0,0,1,0,0,1,0,0,0,0,0,0,0,0,0,0,0
"27",12,"2013-05-15 19:35","2013-05-15 12:25",9,10,"2013-05-10 23:51","E","MOW","PAR","2013-05-29 04:05","2013-05-28 18:10",7,55,"2013-05-10 23:51","E","MOW","PAR",2,3,2,2,3,15598,1,1,5,0,0,0,1,0,0,1,0,0,0,0,0,0,0,0,0,0,0
"28",12,"2013-05-15 19:35","2013-05-15 12:25",9,10,"2013-05-10 23:51","E","MOW","PAR","2013-05-29 04:05","2013-05-28 20:20",5,45,"2013-05-10 23:51","E","MOW","PAR",2,3,2,2,3,15598,1,1,5,0,0,0,1,0,0,1,0,0,0,0,0,0,0,0,0,0,0
"29",12,"2013-05-15 22:20","2013-05-15 16:30",7,50,"2013-05-10 23:51","E","MOW","PAR","2013-05-28 15:35","2013-05-28 07:25",6,10,"2013-05-10 23:51","E","MOW","PAR",2,3,2,2,3,15598,1,1,5,0,0,0,1,0,0,1,0,0,0,0,0,0,0,0,0,0,0
"30",12,"2013-05-15 22:20","2013-05-15 16:30",7,50,"2013-05-10 23:51","E","MOW","PAR","2013-05-29 04:05","2013-05-28 18:10",7,55,"2013-05-10 23:51","E","MOW","PAR",2,3,2,2,3,15598,1,1,5,0,0,0,1,0,0,1,0,0,0,0,0,0,0,0,0,0,0
"31",12,"2013-05-15 22:20","2013-05-15 16:30",7,50,"2013-05-10 23:51","E","MOW","PAR","2013-05-29 04:05","2013-05-28 20:20",5,45,"2013-05-10 23:51","E","MOW","PAR",2,3,2,2,3,15598,1,1,5,0,0,0,1,0,0,1,0,0,0,0,0,0,0,0,0,0,0
"32",13,"2013-05-15 22:15","2013-05-15 18:15",6,0,"2013-05-10 23:51","E","MOW","PAR","2013-05-28 17:30","2013-05-28 09:20",6,10,"2013-05-10 23:51","E","MOW","PAR",1,1,3,1,1,15670,1,1,2,0,0,0,1,0,0,0,0,0,0,1,0,0,0,0,0,1,0
"33",14,"2013-05-15 10:10","2013-05-15 06:35",5,35,"2013-05-10 23:51","E","MOW","PAR","2013-05-28 17:30","2013-05-28 09:20",6,10,"2013-05-10 23:51","E","MOW","PAR",4,1,3,4,1,15704,1,1,5,0,0,0,1,0,0,0,0,0,0,1,0,0,0,1,0,0,0
"34",14,"2013-05-15 11:40","2013-05-15 06:35",7,5,"2013-05-10 23:51","E","MOW","PAR","2013-05-28 17:30","2013-05-28 09:20",6,10,"2013-05-10 23:51","E","MOW","PAR",4,1,3,4,1,15704,1,1,5,0,0,0,1,0,0,0,0,0,0,1,0,0,0,1,0,0,0
"35",14,"2013-05-15 13:15","2013-05-15 06:35",8,40,"2013-05-10 23:51","E","MOW","PAR","2013-05-28 17:30","2013-05-28 09:20",6,10,"2013-05-10 23:51","E","MOW","PAR",4,1,3,4,1,15704,1,1,5,0,0,0,1,0,0,0,0,0,0,1,0,0,0,1,0,0,0
"36",14,"2013-05-15 21:40","2013-05-15 18:00",5,40,"2013-05-10 23:51","E","MOW","PAR","2013-05-28 17:30","2013-05-28 09:20",6,10,"2013-05-10 23:51","E","MOW","PAR",4,1,3,4,1,15704,1,1,5,0,0,0,1,0,0,0,0,0,0,1,0,0,0,1,0,0,0
"37",15,"2013-05-15 22:15","2013-05-15 18:15",6,0,"2013-05-10 23:51","E","MOW","PAR","2013-05-28 18:25","2013-05-28 09:20",7,5,"2013-05-10 23:51","E","MOW","PAR",1,3,3,1,3,15854,1,1,4,0,0,0,1,0,0,0,0,0,0,1,0,0,0,0,0,1,0
"38",15,"2013-05-15 22:15","2013-05-15 18:15",6,0,"2013-05-10 23:51","E","MOW","PAR","2013-05-28 18:25","2013-05-28 10:50",5,35,"2013-05-10 23:51","E","MOW","PAR",1,3,3,1,3,15854,1,1,4,0,0,0,1,0,0,0,0,0,0,1,0,0,0,0,0,1,0
"39",15,"2013-05-15 22:15","2013-05-15 18:15",6,0,"2013-05-10 23:51","E","MOW","PAR","2013-05-29 01:55","2013-05-28 17:55",6,0,"2013-05-10 23:51","E","MOW","PAR",1,3,3,1,3,15854,1,1,4,0,0,0,1,0,0,0,0,0,0,1,0,0,0,0,0,1,0
"40",16,"2013-05-15 19:15","2013-05-15 15:40",5,35,"2013-05-10 23:51","E","MOW","PAR","2013-05-28 20:05","2013-05-28 11:00",7,5,"2013-05-10 23:51","E","MOW","PAR",2,1,2,2,1,15876,1,1,3,0,0,0,0,0,0,0,0,0,1,1,0,0,0,0,0,0,0
"41",16,"2013-05-15 21:35","2013-05-15 15:40",7,55,"2013-05-10 23:51","E","MOW","PAR","2013-05-28 20:05","2013-05-28 11:00",7,5,"2013-05-10 23:51","E","MOW","PAR",2,1,2,2,1,15876,1,1,3,0,0,0,0,0,0,0,0,0,1,1,0,0,0,0,0,0,0
"42",17,"2013-05-15 10:10","2013-05-15 06:35",5,35,"2013-05-10 23:51","E","MOW","PAR","2013-05-28 18:25","2013-05-28 09:20",7,5,"2013-05-10 23:51","E","MOW","PAR",4,3,3,4,3,15893,1,1,7,0,0,0,1,0,0,0,0,0,0,1,0,0,0,1,0,0,0
"43",17,"2013-05-15 10:10","2013-05-15 06:35",5,35,"2013-05-10 23:51","E","MOW","PAR","2013-05-28 18:25","2013-05-28 10:50",5,35,"2013-05-10 23:51","E","MOW","PAR",4,3,3,4,3,15893,1,1,7,0,0,0,1,0,0,0,0,0,0,1,0,0,0,1,0,0,0
"44",17,"2013-05-15 10:10","2013-05-15 06:35",5,35,"2013-05-10 23:51","E","MOW","PAR","2013-05-29 01:55","2013-05-28 17:55",6,0,"2013-05-10 23:51","E","MOW","PAR",4,3,3,4,3,15893,1,1,7,0,0,0,1,0,0,0,0,0,0,1,0,0,0,1,0,0,0
"45",17,"2013-05-15 11:40","2013-05-15 06:35",7,5,"2013-05-10 23:51","E","MOW","PAR","2013-05-28 18:25","2013-05-28 09:20",7,5,"2013-05-10 23:51","E","MOW","PAR",4,3,3,4,3,15893,1,1,7,0,0,0,1,0,0,0,0,0,0,1,0,0,0,1,0,0,0
"46",17,"2013-05-15 11:40","2013-05-15 06:35",7,5,"2013-05-10 23:51","E","MOW","PAR","2013-05-28 18:25","2013-05-28 10:50",5,35,"2013-05-10 23:51","E","MOW","PAR",4,3,3,4,3,15893,1,1,7,0,0,0,1,0,0,0,0,0,0,1,0,0,0,1,0,0,0
"47",17,"2013-05-15 11:40","2013-05-15 06:35",7,5,"2013-05-10 23:51","E","MOW","PAR","2013-05-29 01:55","2013-05-28 17:55",6,0,"2013-05-10 23:51","E","MOW","PAR",4,3,3,4,3,15893,1,1,7,0,0,0,1,0,0,0,0,0,0,1,0,0,0,1,0,0,0
"48",17,"2013-05-15 13:15","2013-05-15 06:35",8,40,"2013-05-10 23:51","E","MOW","PAR","2013-05-28 18:25","2013-05-28 09:20",7,5,"2013-05-10 23:51","E","MOW","PAR",4,3,3,4,3,15893,1,1,7,0,0,0,1,0,0,0,0,0,0,1,0,0,0,1,0,0,0
"49",17,"2013-05-15 13:15","2013-05-15 06:35",8,40,"2013-05-10 23:51","E","MOW","PAR","2013-05-28 18:25","2013-05-28 10:50",5,35,"2013-05-10 23:51","E","MOW","PAR",4,3,3,4,3,15893,1,1,7,0,0,0,1,0,0,0,0,0,0,1,0,0,0,1,0,0,0
"50",17,"2013-05-15 13:15","2013-05-15 06:35",8,40,"2013-05-10 23:51","E","MOW","PAR","2013-05-29 01:55","2013-05-28 17:55",6,0,"2013-05-10 23:51","E","MOW","PAR",4,3,3,4,3,15893,1,1,7,0,0,0,1,0,0,0,0,0,0,1,0,0,0,1,0,0,0
"51",17,"2013-05-15 21:40","2013-05-15 18:00",5,40,"2013-05-10 23:51","E","MOW","PAR","2013-05-28 18:25","2013-05-28 09:20",7,5,"2013-05-10 23:51","E","MOW","PAR",4,3,3,4,3,15893,1,1,7,0,0,0,1,0,0,0,0,0,0,1,0,0,0,1,0,0,0
"52",17,"2013-05-15 21:40","2013-05-15 18:00",5,40,"2013-05-10 23:51","E","MOW","PAR","2013-05-28 18:25","2013-05-28 10:50",5,35,"2013-05-10 23:51","E","MOW","PAR",4,3,3,4,3,15893,1,1,7,0,0,0,1,0,0,0,0,0,0,1,0,0,0,1,0,0,0
"53",17,"2013-05-15 21:40","2013-05-15 18:00",5,40,"2013-05-10 23:51","E","MOW","PAR","2013-05-29 01:55","2013-05-28 17:55",6,0,"2013-05-10 23:51","E","MOW","PAR",4,3,3,4,3,15893,1,1,7,0,0,0,1,0,0,0,0,0,0,1,0,0,0,1,0,0,0
"54",18,"2013-05-15 19:15","2013-05-15 15:40",5,35,"2013-05-10 23:51","E","MOW","PAR","2013-05-28 14:50","2013-05-28 07:00",5,50,"2013-05-10 23:51","E","MOW","PAR",2,1,1,2,1,15897,1,1,3,0,0,0,0,0,0,0,0,0,0,1,0,0,0,0,0,0,0
"55",18,"2013-05-15 21:35","2013-05-15 15:40",7,55,"2013-05-10 23:51","E","MOW","PAR","2013-05-28 14:50","2013-05-28 07:00",5,50,"2013-05-10 23:51","E","MOW","PAR",2,1,1,2,1,15897,1,1,3,0,0,0,0,0,0,0,0,0,0,1,0,0,0,0,0,0,0
"56",19,"2013-05-15 19:15","2013-05-15 15:40",5,35,"2013-05-10 23:51","E","MOW","PAR","2013-05-28 14:45","2013-05-28 06:10",6,35,"2013-05-10 23:51","E","MOW","PAR",2,1,2,2,1,15902,1,1,3,0,0,0,0,0,0,0,0,0,0,1,0,0,1,0,0,0,0
"57",19,"2013-05-15 21:35","2013-05-15 15:40",7,55,"2013-05-10 23:51","E","MOW","PAR","2013-05-28 14:45","2013-05-28 06:10",6,35,"2013-05-10 23:51","E","MOW","PAR",2,1,2,2,1,15902,1,1,3,0,0,0,0,0,0,0,0,0,0,1,0,0,1,0,0,0,0
"58",20,"2013-05-15 21:55","2013-05-15 18:35",5,20,"2013-05-10 23:51","E","MOW","PAR","2013-05-28 20:05","2013-05-28 11:00",7,5,"2013-05-10 23:51","E","MOW","PAR",1,1,2,1,1,15958,1,1,2,0,0,0,0,0,0,0,0,0,1,0,0,0,0,1,0,0,0
"59",21,"2013-05-15 22:20","2013-05-15 16:30",7,50,"2013-05-10 23:51","E","MOW","PAR","2013-05-28 15:35","2013-05-28 07:25",6,10,"2013-05-10 23:51","E","MOW","PAR",1,3,2,1,3,15981,1,1,4,0,0,0,1,0,0,1,0,0,0,0,0,0,0,0,0,0,0
"60",21,"2013-05-15 22:20","2013-05-15 16:30",7,50,"2013-05-10 23:51","E","MOW","PAR","2013-05-28 21:40","2013-05-28 13:25",6,15,"2013-05-10 23:51","E","MOW","PAR",1,3,2,1,3,15981,1,1,4,0,0,0,1,0,0,1,0,0,0,0,0,0,0,0,0,0,0
"61",21,"2013-05-15 22:20","2013-05-15 16:30",7,50,"2013-05-10 23:51","E","MOW","PAR","2013-05-29 04:05","2013-05-28 20:20",5,45,"2013-05-10 23:51","E","MOW","PAR",1,3,2,1,3,15981,1,1,4,0,0,0,1,0,0,1,0,0,0,0,0,0,0,0,0,0,0
"62",22,"2013-05-15 21:55","2013-05-15 18:35",5,20,"2013-05-10 23:51","E","MOW","PAR","2013-05-28 14:45","2013-05-28 06:10",6,35,"2013-05-10 23:51","E","MOW","PAR",1,1,2,1,1,15983,1,1,2,0,0,0,0,0,0,0,0,0,0,0,0,0,1,1,0,0,0
"63",23,"2013-05-15 10:10","2013-05-15 06:35",5,35,"2013-05-10 23:51","E","MOW","PAR","2013-05-28 14:35","2013-05-28 07:00",5,35,"2013-05-10 23:51","E","MOW","PAR",4,2,2,4,2,16156,1,1,6,0,0,0,1,0,0,0,0,0,0,0,0,0,0,1,0,0,0
"64",23,"2013-05-15 10:10","2013-05-15 06:35",5,35,"2013-05-10 23:51","E","MOW","PAR","2013-05-29 02:25","2013-05-28 18:30",5,55,"2013-05-10 23:51","E","MOW","PAR",4,2,2,4,2,16156,1,1,6,0,0,0,1,0,0,0,0,0,0,0,0,0,0,1,0,0,0
"65",23,"2013-05-15 11:40","2013-05-15 06:35",7,5,"2013-05-10 23:51","E","MOW","PAR","2013-05-28 14:35","2013-05-28 07:00",5,35,"2013-05-10 23:51","E","MOW","PAR",4,2,2,4,2,16156,1,1,6,0,0,0,1,0,0,0,0,0,0,0,0,0,0,1,0,0,0
"66",23,"2013-05-15 11:40","2013-05-15 06:35",7,5,"2013-05-10 23:51","E","MOW","PAR","2013-05-29 02:25","2013-05-28 18:30",5,55,"2013-05-10 23:51","E","MOW","PAR",4,2,2,4,2,16156,1,1,6,0,0,0,1,0,0,0,0,0,0,0,0,0,0,1,0,0,0
"67",23,"2013-05-15 13:15","2013-05-15 06:35",8,40,"2013-05-10 23:51","E","MOW","PAR","2013-05-28 14:35","2013-05-28 07:00",5,35,"2013-05-10 23:51","E","MOW","PAR",4,2,2,4,2,16156,1,1,6,0,0,0,1,0,0,0,0,0,0,0,0,0,0,1,0,0,0
"68",23,"2013-05-15 13:15","2013-05-15 06:35",8,40,"2013-05-10 23:51","E","MOW","PAR","2013-05-29 02:25","2013-05-28 18:30",5,55,"2013-05-10 23:51","E","MOW","PAR",4,2,2,4,2,16156,1,1,6,0,0,0,1,0,0,0,0,0,0,0,0,0,0,1,0,0,0
"69",23,"2013-05-15 21:40","2013-05-15 18:00",5,40,"2013-05-10 23:51","E","MOW","PAR","2013-05-28 14:35","2013-05-28 07:00",5,35,"2013-05-10 23:51","E","MOW","PAR",4,2,2,4,2,16156,1,1,6,0,0,0,1,0,0,0,0,0,0,0,0,0,0,1,0,0,0
"70",23,"2013-05-15 21:40","2013-05-15 18:00",5,40,"2013-05-10 23:51","E","MOW","PAR","2013-05-29 02:25","2013-05-28 18:30",5,55,"2013-05-10 23:51","E","MOW","PAR",4,2,2,4,2,16156,1,1,6,0,0,0,1,0,0,0,0,0,0,0,0,0,0,1,0,0,0
"71",24,"2013-05-15 19:35","2013-05-15 15:45",5,50,"2013-05-10 23:51","E","MOW","PAR","2013-05-28 17:30","2013-05-28 09:20",6,10,"2013-05-10 23:51","E","MOW","PAR",2,1,2,2,1,16289,1,1,3,0,0,0,0,0,0,0,0,0,0,1,0,0,1,0,0,0,0
"72",24,"2013-05-15 22:05","2013-05-15 15:45",8,20,"2013-05-10 23:51","E","MOW","PAR","2013-05-28 17:30","2013-05-28 09:20",6,10,"2013-05-10 23:51","E","MOW","PAR",2,1,2,2,1,16289,1,1,3,0,0,0,0,0,0,0,0,0,0,1,0,0,1,0,0,0,0
"73",25,"2013-05-15 21:55","2013-05-15 18:35",5,20,"2013-05-10 23:51","E","MOW","PAR","2013-05-28 14:50","2013-05-28 07:00",5,50,"2013-05-10 23:51","E","MOW","PAR",1,1,2,1,1,16513,1,1,2,0,0,0,0,0,0,0,0,0,0,1,0,0,0,1,0,0,0
"74",26,"2013-05-15 21:55","2013-05-15 18:35",5,20,"2013-05-10 23:51","E","MOW","PAR","2013-05-28 17:55","2013-05-28 09:50",6,5,"2013-05-10 23:51","E","MOW","PAR",1,1,1,1,1,16540,1,1,2,0,0,0,0,0,0,0,0,0,0,0,0,0,0,1,0,0,0
"75",27,"2013-05-15 19:15","2013-05-15 15:40",5,35,"2013-05-10 23:51","E","MOW","PAR","2013-05-28 15:10","2013-05-28 07:15",5,55,"2013-05-10 23:51","E","MOW","PAR",2,2,3,2,2,16975,1,1,4,1,0,0,0,0,0,0,0,0,1,1,0,0,0,0,0,0,0
"76",27,"2013-05-15 19:15","2013-05-15 15:40",5,35,"2013-05-10 23:51","E","MOW","PAR","2013-05-28 16:35","2013-05-28 07:15",7,20,"2013-05-10 23:51","E","MOW","PAR",2,2,3,2,2,16975,1,1,4,1,0,0,0,0,0,0,0,0,1,1,0,0,0,0,0,0,0
"77",27,"2013-05-15 21:35","2013-05-15 15:40",7,55,"2013-05-10 23:51","E","MOW","PAR","2013-05-28 15:10","2013-05-28 07:15",5,55,"2013-05-10 23:51","E","MOW","PAR",2,2,3,2,2,16975,1,1,4,1,0,0,0,0,0,0,0,0,1,1,0,0,0,0,0,0,0
"78",27,"2013-05-15 21:35","2013-05-15 15:40",7,55,"2013-05-10 23:51","E","MOW","PAR","2013-05-28 16:35","2013-05-28 07:15",7,20,"2013-05-10 23:51","E","MOW","PAR",2,2,3,2,2,16975,1,1,4,1,0,0,0,0,0,0,0,0,1,1,0,0,0,0,0,0,0
"79",28,"2013-05-15 19:35","2013-05-15 16:00",5,35,"2013-05-10 23:51","E","MOW","PAR","2013-05-28 15:35","2013-05-28 07:25",6,10,"2013-05-10 23:51","E","MOW","PAR",1,3,3,1,3,17088,1,1,4,1,0,0,1,0,0,1,0,0,0,0,0,0,0,0,0,0,0
"80",28,"2013-05-15 19:35","2013-05-15 16:00",5,35,"2013-05-10 23:51","E","MOW","PAR","2013-05-28 21:40","2013-05-28 13:25",6,15,"2013-05-10 23:51","E","MOW","PAR",1,3,3,1,3,17088,1,1,4,1,0,0,1,0,0,1,0,0,0,0,0,0,0,0,0,0,0
"81",28,"2013-05-15 19:35","2013-05-15 16:00",5,35,"2013-05-10 23:51","E","MOW","PAR","2013-05-29 04:05","2013-05-28 20:20",5,45,"2013-05-10 23:51","E","MOW","PAR",1,3,3,1,3,17088,1,1,4,1,0,0,1,0,0,1,0,0,0,0,0,0,0,0,0,0,0
"82",29,"2013-05-15 08:10","2013-05-15 04:55",5,15,"2013-05-10 23:51","E","MOW","PAR","2013-05-28 15:45","2013-05-28 08:55",4,50,"2013-05-10 23:51","E","MOW","PAR",1,2,1,1,2,17091,1,1,3,0,0,0,0,0,0,0,0,0,0,0,1,0,0,0,0,0,0
"83",29,"2013-05-15 08:10","2013-05-15 04:55",5,15,"2013-05-10 23:51","E","MOW","PAR","2013-05-29 03:50","2013-05-28 21:00",4,50,"2013-05-10 23:51","E","MOW","PAR",1,2,1,1,2,17091,1,1,3,0,0,0,0,0,0,0,0,0,0,0,1,0,0,0,0,0,0
"84",30,"2013-05-15 09:25","2013-05-15 05:30",5,55,"2013-05-10 23:51","E","MOW","PAR","2013-05-28 17:00","2013-05-28 08:45",6,15,"2013-05-10 23:51","E","MOW","PAR",3,6,3,3,6,17343,1,1,9,1,0,0,1,0,0,0,0,1,0,0,0,0,0,0,0,0,0
"85",30,"2013-05-15 09:25","2013-05-15 05:30",5,55,"2013-05-10 23:51","E","MOW","PAR","2013-05-28 17:00","2013-05-28 09:35",5,25,"2013-05-10 23:51","E","MOW","PAR",3,6,3,3,6,17343,1,1,9,1,0,0,1,0,0,0,0,1,0,0,0,0,0,0,0,0,0
"86",30,"2013-05-15 09:25","2013-05-15 05:30",5,55,"2013-05-10 23:51","E","MOW","PAR","2013-05-28 18:15","2013-05-28 09:35",6,40,"2013-05-10 23:51","E","MOW","PAR",3,6,3,3,6,17343,1,1,9,1,0,0,1,0,0,0,0,1,0,0,0,0,0,0,0,0,0
"87",30,"2013-05-15 09:25","2013-05-15 05:30",5,55,"2013-05-10 23:51","E","MOW","PAR","2013-05-28 18:15","2013-05-28 10:20",5,55,"2013-05-10 23:51","E","MOW","PAR",3,6,3,3,6,17343,1,1,9,1,0,0,1,0,0,0,0,1,0,0,0,0,0,0,0,0,0
"88",30,"2013-05-15 09:25","2013-05-15 05:30",5,55,"2013-05-10 23:51","E","MOW","PAR","2013-05-29 02:05","2013-05-28 16:40",7,25,"2013-05-10 23:51","E","MOW","PAR",3,6,3,3,6,17343,1,1,9,1,0,0,1,0,0,0,0,1,0,0,0,0,0,0,0,0,0
"89",30,"2013-05-15 09:25","2013-05-15 05:30",5,55,"2013-05-10 23:51","E","MOW","PAR","2013-05-29 02:05","2013-05-28 18:40",5,25,"2013-05-10 23:51","E","MOW","PAR",3,6,3,3,6,17343,1,1,9,1,0,0,1,0,0,0,0,1,0,0,0,0,0,0,0,0,0
"90",30,"2013-05-15 10:45","2013-05-15 05:30",7,15,"2013-05-10 23:51","E","MOW","PAR","2013-05-28 17:00","2013-05-28 08:45",6,15,"2013-05-10 23:51","E","MOW","PAR",3,6,3,3,6,17343,1,1,9,1,0,0,1,0,0,0,0,1,0,0,0,0,0,0,0,0,0
"91",30,"2013-05-15 10:45","2013-05-15 05:30",7,15,"2013-05-10 23:51","E","MOW","PAR","2013-05-28 17:00","2013-05-28 09:35",5,25,"2013-05-10 23:51","E","MOW","PAR",3,6,3,3,6,17343,1,1,9,1,0,0,1,0,0,0,0,1,0,0,0,0,0,0,0,0,0
"92",30,"2013-05-15 10:45","2013-05-15 05:30",7,15,"2013-05-10 23:51","E","MOW","PAR","2013-05-28 18:15","2013-05-28 09:35",6,40,"2013-05-10 23:51","E","MOW","PAR",3,6,3,3,6,17343,1,1,9,1,0,0,1,0,0,0,0,1,0,0,0,0,0,0,0,0,0
"93",30,"2013-05-15 10:45","2013-05-15 05:30",7,15,"2013-05-10 23:51","E","MOW","PAR","2013-05-28 18:15","2013-05-28 10:20",5,55,"2013-05-10 23:51","E","MOW","PAR",3,6,3,3,6,17343,1,1,9,1,0,0,1,0,0,0,0,1,0,0,0,0,0,0,0,0,0
"94",30,"2013-05-15 10:45","2013-05-15 05:30",7,15,"2013-05-10 23:51","E","MOW","PAR","2013-05-29 02:05","2013-05-28 16:40",7,25,"2013-05-10 23:51","E","MOW","PAR",3,6,3,3,6,17343,1,1,9,1,0,0,1,0,0,0,0,1,0,0,0,0,0,0,0,0,0
"95",30,"2013-05-15 10:45","2013-05-15 05:30",7,15,"2013-05-10 23:51","E","MOW","PAR","2013-05-29 02:05","2013-05-28 18:40",5,25,"2013-05-10 23:51","E","MOW","PAR",3,6,3,3,6,17343,1,1,9,1,0,0,1,0,0,0,0,1,0,0,0,0,0,0,0,0,0
"96",30,"2013-05-15 12:00","2013-05-15 05:30",8,30,"2013-05-10 23:51","E","MOW","PAR","2013-05-28 17:00","2013-05-28 08:45",6,15,"2013-05-10 23:51","E","MOW","PAR",3,6,3,3,6,17343,1,1,9,1,0,0,1,0,0,0,0,1,0,0,0,0,0,0,0,0,0
"97",30,"2013-05-15 12:00","2013-05-15 05:30",8,30,"2013-05-10 23:51","E","MOW","PAR","2013-05-28 17:00","2013-05-28 09:35",5,25,"2013-05-10 23:51","E","MOW","PAR",3,6,3,3,6,17343,1,1,9,1,0,0,1,0,0,0,0,1,0,0,0,0,0,0,0,0,0
"98",30,"2013-05-15 12:00","2013-05-15 05:30",8,30,"2013-05-10 23:51","E","MOW","PAR","2013-05-28 18:15","2013-05-28 09:35",6,40,"2013-05-10 23:51","E","MOW","PAR",3,6,3,3,6,17343,1,1,9,1,0,0,1,0,0,0,0,1,0,0,0,0,0,0,0,0,0
"99",30,"2013-05-15 12:00","2013-05-15 05:30",8,30,"2013-05-10 23:51","E","MOW","PAR","2013-05-28 18:15","2013-05-28 10:20",5,55,"2013-05-10 23:51","E","MOW","PAR",3,6,3,3,6,17343,1,1,9,1,0,0,1,0,0,0,0,1,0,0,0,0,0,0,0,0,0
"100",30,"2013-05-15 12:00","2013-05-15 05:30",8,30,"2013-05-10 23:51","E","MOW","PAR","2013-05-29 02:05","2013-05-28 16:40",7,25,"2013-05-10 23:51","E","MOW","PAR",3,6,3,3,6,17343,1,1,9,1,0,0,1,0,0,0,0,1,0,0,0,0,0,0,0,0,0
"101",30,"2013-05-15 12:00","2013-05-15 05:30",8,30,"2013-05-10 23:51","E","MOW","PAR","2013-05-29 02:05","2013-05-28 18:40",5,25,"2013-05-10 23:51","E","MOW","PAR",3,6,3,3,6,17343,1,1,9,1,0,0,1,0,0,0,0,1,0,0,0,0,0,0,0,0,0
"102",31,"2013-05-15 21:55","2013-05-15 18:35",5,20,"2013-05-10 23:51","E","MOW","PAR","2013-05-28 15:10","2013-05-28 07:15",5,55,"2013-05-10 23:51","E","MOW","PAR",1,2,3,1,2,17590,1,1,3,1,0,0,0,0,0,0,0,0,1,0,0,0,0,1,0,0,0
"103",31,"2013-05-15 21:55","2013-05-15 18:35",5,20,"2013-05-10 23:51","E","MOW","PAR","2013-05-28 16:35","2013-05-28 07:15",7,20,"2013-05-10 23:51","E","MOW","PAR",1,2,3,1,2,17590,1,1,3,1,0,0,0,0,0,0,0,0,1,0,0,0,0,1,0,0,0
"104",32,"2013-05-15 19:35","2013-05-15 15:45",5,50,"2013-05-10 23:51","E","MOW","PAR","2013-05-28 14:45","2013-05-28 06:10",6,35,"2013-05-10 23:51","E","MOW","PAR",2,1,1,2,1,17668,1,1,3,0,0,0,0,0,0,0,0,0,0,0,0,0,1,0,0,0,0
"105",32,"2013-05-15 22:05","2013-05-15 15:45",8,20,"2013-05-10 23:51","E","MOW","PAR","2013-05-28 14:45","2013-05-28 06:10",6,35,"2013-05-10 23:51","E","MOW","PAR",2,1,1,2,1,17668,1,1,3,0,0,0,0,0,0,0,0,0,0,0,0,0,1,0,0,0,0
"106",33,"2013-05-15 17:55","2013-05-15 11:40",8,15,"2013-05-10 23:51","E","MOW","PAR","2013-05-28 21:30","2013-05-28 12:40",6,50,"2013-05-10 23:51","E","MOW","PAR",1,2,3,1,2,17728,1,1,3,1,0,0,1,0,0,0,0,0,0,0,0,1,0,0,0,0,0
"107",33,"2013-05-15 17:55","2013-05-15 11:40",8,15,"2013-05-10 23:51","E","MOW","PAR","2013-05-28 22:30","2013-05-28 12:40",7,50,"2013-05-10 23:51","E","MOW","PAR",1,2,3,1,2,17728,1,1,3,1,0,0,1,0,0,0,0,0,0,0,0,1,0,0,0,0,0
"108",34,"2013-05-15 19:35","2013-05-15 15:45",5,50,"2013-05-10 23:51","E","MOW","PAR","2013-05-28 20:05","2013-05-28 11:00",7,5,"2013-05-10 23:51","E","MOW","PAR",2,1,2,2,1,18059,1,1,3,0,0,0,0,0,0,0,0,0,1,0,0,0,1,0,0,0,0
"109",34,"2013-05-15 22:05","2013-05-15 15:45",8,20,"2013-05-10 23:51","E","MOW","PAR","2013-05-28 20:05","2013-05-28 11:00",7,5,"2013-05-10 23:51","E","MOW","PAR",2,1,2,2,1,18059,1,1,3,0,0,0,0,0,0,0,0,0,1,0,0,0,1,0,0,0,0
"110",35,"2013-05-15 19:35","2013-05-15 15:45",5,50,"2013-05-10 23:51","E","MOW","PAR","2013-05-28 14:50","2013-05-28 07:00",5,50,"2013-05-10 23:51","E","MOW","PAR",2,1,2,2,1,18080,1,1,3,0,0,0,0,0,0,0,0,0,0,1,0,0,1,0,0,0,0
"111",35,"2013-05-15 22:05","2013-05-15 15:45",8,20,"2013-05-10 23:51","E","MOW","PAR","2013-05-28 14:50","2013-05-28 07:00",5,50,"2013-05-10 23:51","E","MOW","PAR",2,1,2,2,1,18080,1,1,3,0,0,0,0,0,0,0,0,0,0,1,0,0,1,0,0,0,0
"112",36,"2013-05-15 19:35","2013-05-15 15:45",5,50,"2013-05-10 23:51","E","MOW","PAR","2013-05-28 14:45","2013-05-28 06:10",6,35,"2013-05-10 23:51","E","MOW","PAR",2,1,1,2,1,18085,1,1,3,0,0,0,0,0,0,0,0,0,0,0,0,0,1,0,0,0,0
"113",36,"2013-05-15 22:05","2013-05-15 15:45",8,20,"2013-05-10 23:51","E","MOW","PAR","2013-05-28 14:45","2013-05-28 06:10",6,35,"2013-05-10 23:51","E","MOW","PAR",2,1,1,2,1,18085,1,1,3,0,0,0,0,0,0,0,0,0,0,0,0,0,1,0,0,0,0
"114",37,"2013-05-15 11:05","2013-05-15 05:50",7,15,"2013-05-10 23:51","E","MOW","PAR","2013-05-28 17:00","2013-05-28 08:45",6,15,"2013-05-10 23:51","E","MOW","PAR",2,6,4,2,6,18086,1,1,8,1,0,0,1,1,0,0,0,1,0,0,0,0,0,0,0,0,0
"115",37,"2013-05-15 11:05","2013-05-15 05:50",7,15,"2013-05-10 23:51","E","MOW","PAR","2013-05-28 17:00","2013-05-28 09:35",5,25,"2013-05-10 23:51","E","MOW","PAR",2,6,4,2,6,18086,1,1,8,1,0,0,1,1,0,0,0,1,0,0,0,0,0,0,0,0,0
"116",37,"2013-05-15 11:05","2013-05-15 05:50",7,15,"2013-05-10 23:51","E","MOW","PAR","2013-05-28 18:15","2013-05-28 09:35",6,40,"2013-05-10 23:51","E","MOW","PAR",2,6,4,2,6,18086,1,1,8,1,0,0,1,1,0,0,0,1,0,0,0,0,0,0,0,0,0
"117",37,"2013-05-15 11:05","2013-05-15 05:50",7,15,"2013-05-10 23:51","E","MOW","PAR","2013-05-28 18:15","2013-05-28 10:20",5,55,"2013-05-10 23:51","E","MOW","PAR",2,6,4,2,6,18086,1,1,8,1,0,0,1,1,0,0,0,1,0,0,0,0,0,0,0,0,0
"118",37,"2013-05-15 11:05","2013-05-15 05:50",7,15,"2013-05-10 23:51","E","MOW","PAR","2013-05-29 02:05","2013-05-28 16:40",7,25,"2013-05-10 23:51","E","MOW","PAR",2,6,4,2,6,18086,1,1,8,1,0,0,1,1,0,0,0,1,0,0,0,0,0,0,0,0,0
"119",37,"2013-05-15 11:05","2013-05-15 05:50",7,15,"2013-05-10 23:51","E","MOW","PAR","2013-05-29 02:05","2013-05-28 18:40",5,25,"2013-05-10 23:51","E","MOW","PAR",2,6,4,2,6,18086,1,1,8,1,0,0,1,1,0,0,0,1,0,0,0,0,0,0,0,0,0
"120",37,"2013-05-15 23:25","2013-05-15 17:45",7,40,"2013-05-10 23:51","E","MOW","PAR","2013-05-28 17:00","2013-05-28 08:45",6,15,"2013-05-10 23:51","E","MOW","PAR",2,6,4,2,6,18086,1,1,8,1,0,0,1,1,0,0,0,1,0,0,0,0,0,0,0,0,0
"121",37,"2013-05-15 23:25","2013-05-15 17:45",7,40,"2013-05-10 23:51","E","MOW","PAR","2013-05-28 17:00","2013-05-28 09:35",5,25,"2013-05-10 23:51","E","MOW","PAR",2,6,4,2,6,18086,1,1,8,1,0,0,1,1,0,0,0,1,0,0,0,0,0,0,0,0,0
"122",37,"2013-05-15 23:25","2013-05-15 17:45",7,40,"2013-05-10 23:51","E","MOW","PAR","2013-05-28 18:15","2013-05-28 09:35",6,40,"2013-05-10 23:51","E","MOW","PAR",2,6,4,2,6,18086,1,1,8,1,0,0,1,1,0,0,0,1,0,0,0,0,0,0,0,0,0
"123",37,"2013-05-15 23:25","2013-05-15 17:45",7,40,"2013-05-10 23:51","E","MOW","PAR","2013-05-28 18:15","2013-05-28 10:20",5,55,"2013-05-10 23:51","E","MOW","PAR",2,6,4,2,6,18086,1,1,8,1,0,0,1,1,0,0,0,1,0,0,0,0,0,0,0,0,0
"124",37,"2013-05-15 23:25","2013-05-15 17:45",7,40,"2013-05-10 23:51","E","MOW","PAR","2013-05-29 02:05","2013-05-28 16:40",7,25,"2013-05-10 23:51","E","MOW","PAR",2,6,4,2,6,18086,1,1,8,1,0,0,1,1,0,0,0,1,0,0,0,0,0,0,0,0,0
"125",37,"2013-05-15 23:25","2013-05-15 17:45",7,40,"2013-05-10 23:51","E","MOW","PAR","2013-05-29 02:05","2013-05-28 18:40",5,25,"2013-05-10 23:51","E","MOW","PAR",2,6,4,2,6,18086,1,1,8,1,0,0,1,1,0,0,0,1,0,0,0,0,0,0,0,0,0
"126",38,"2013-05-15 20:15","2013-05-15 16:30",5,45,"2013-05-10 23:51","E","MOW","PAR","2013-05-28 15:45","2013-05-28 08:55",4,50,"2013-05-10 23:51","E","MOW","PAR",1,2,1,1,2,18113,1,1,3,0,0,0,0,0,0,0,0,0,0,0,1,0,0,0,0,0,0
"127",38,"2013-05-15 20:15","2013-05-15 16:30",5,45,"2013-05-10 23:51","E","MOW","PAR","2013-05-29 03:50","2013-05-28 21:00",4,50,"2013-05-10 23:51","E","MOW","PAR",1,2,1,1,2,18113,1,1,3,0,0,0,0,0,0,0,0,0,0,0,1,0,0,0,0,0,0
"128",39,"2013-05-15 09:25","2013-05-15 05:30",5,55,"2013-05-10 23:51","E","MOW","PAR","2013-05-28 17:00","2013-05-28 08:45",6,15,"2013-05-10 23:51","E","MOW","PAR",2,6,3,2,6,18363,1,1,8,1,0,0,1,0,0,0,0,1,0,0,0,0,0,0,0,0,0
"129",39,"2013-05-15 09:25","2013-05-15 05:30",5,55,"2013-05-10 23:51","E","MOW","PAR","2013-05-28 17:00","2013-05-28 09:35",5,25,"2013-05-10 23:51","E","MOW","PAR",2,6,3,2,6,18363,1,1,8,1,0,0,1,0,0,0,0,1,0,0,0,0,0,0,0,0,0
"130",39,"2013-05-15 09:25","2013-05-15 05:30",5,55,"2013-05-10 23:51","E","MOW","PAR","2013-05-28 18:15","2013-05-28 09:35",6,40,"2013-05-10 23:51","E","MOW","PAR",2,6,3,2,6,18363,1,1,8,1,0,0,1,0,0,0,0,1,0,0,0,0,0,0,0,0,0
"131",39,"2013-05-15 09:25","2013-05-15 05:30",5,55,"2013-05-10 23:51","E","MOW","PAR","2013-05-28 18:15","2013-05-28 10:20",5,55,"2013-05-10 23:51","E","MOW","PAR",2,6,3,2,6,18363,1,1,8,1,0,0,1,0,0,0,0,1,0,0,0,0,0,0,0,0,0
"132",39,"2013-05-15 09:25","2013-05-15 05:30",5,55,"2013-05-10 23:51","E","MOW","PAR","2013-05-29 02:05","2013-05-28 16:40",7,25,"2013-05-10 23:51","E","MOW","PAR",2,6,3,2,6,18363,1,1,8,1,0,0,1,0,0,0,0,1,0,0,0,0,0,0,0,0,0
"133",39,"2013-05-15 09:25","2013-05-15 05:30",5,55,"2013-05-10 23:51","E","MOW","PAR","2013-05-29 02:05","2013-05-28 18:40",5,25,"2013-05-10 23:51","E","MOW","PAR",2,6,3,2,6,18363,1,1,8,1,0,0,1,0,0,0,0,1,0,0,0,0,0,0,0,0,0
"134",39,"2013-05-15 10:45","2013-05-15 05:30",7,15,"2013-05-10 23:51","E","MOW","PAR","2013-05-28 17:00","2013-05-28 08:45",6,15,"2013-05-10 23:51","E","MOW","PAR",2,6,3,2,6,18363,1,1,8,1,0,0,1,0,0,0,0,1,0,0,0,0,0,0,0,0,0
"135",39,"2013-05-15 10:45","2013-05-15 05:30",7,15,"2013-05-10 23:51","E","MOW","PAR","2013-05-28 17:00","2013-05-28 09:35",5,25,"2013-05-10 23:51","E","MOW","PAR",2,6,3,2,6,18363,1,1,8,1,0,0,1,0,0,0,0,1,0,0,0,0,0,0,0,0,0
"136",39,"2013-05-15 10:45","2013-05-15 05:30",7,15,"2013-05-10 23:51","E","MOW","PAR","2013-05-28 18:15","2013-05-28 09:35",6,40,"2013-05-10 23:51","E","MOW","PAR",2,6,3,2,6,18363,1,1,8,1,0,0,1,0,0,0,0,1,0,0,0,0,0,0,0,0,0
"137",39,"2013-05-15 10:45","2013-05-15 05:30",7,15,"2013-05-10 23:51","E","MOW","PAR","2013-05-28 18:15","2013-05-28 10:20",5,55,"2013-05-10 23:51","E","MOW","PAR",2,6,3,2,6,18363,1,1,8,1,0,0,1,0,0,0,0,1,0,0,0,0,0,0,0,0,0
"138",39,"2013-05-15 10:45","2013-05-15 05:30",7,15,"2013-05-10 23:51","E","MOW","PAR","2013-05-29 02:05","2013-05-28 16:40",7,25,"2013-05-10 23:51","E","MOW","PAR",2,6,3,2,6,18363,1,1,8,1,0,0,1,0,0,0,0,1,0,0,0,0,0,0,0,0,0
"139",39,"2013-05-15 10:45","2013-05-15 05:30",7,15,"2013-05-10 23:51","E","MOW","PAR","2013-05-29 02:05","2013-05-28 18:40",5,25,"2013-05-10 23:51","E","MOW","PAR",2,6,3,2,6,18363,1,1,8,1,0,0,1,0,0,0,0,1,0,0,0,0,0,0,0,0,0
"140",40,"2013-05-15 22:15","2013-05-15 18:15",6,0,"2013-05-10 23:51","E","MOW","PAR","2013-05-29 01:25","2013-05-28 16:55",6,30,"2013-05-10 23:51","E","MOW","PAR",1,1,2,1,1,18381,1,1,2,0,0,0,1,0,0,0,0,0,0,0,0,0,0,0,0,1,0
"141",41,"2013-05-15 21:35","2013-05-15 17:15",6,20,"2013-05-10 23:51","E","MOW","PAR","2013-05-29 04:20","2013-05-28 19:40",6,40,"2013-05-10 23:51","E","MOW","PAR",1,1,1,1,1,18467,1,1,2,0,0,0,0,0,1,0,0,0,0,0,0,0,0,0,0,0,0
"142",42,"2013-05-15 22:20","2013-05-15 16:30",7,50,"2013-05-10 23:51","E","MOW","PAR","2013-05-28 22:35","2013-05-28 13:25",7,10,"2013-05-10 23:51","E","MOW","PAR",1,1,3,1,1,18508,1,1,2,1,0,0,1,0,0,1,0,0,0,0,0,0,0,0,0,0,0
"143",43,"2013-05-15 09:25","2013-05-15 05:30",5,55,"2013-05-10 23:51","E","MOW","PAR","2013-05-29 02:05","2013-05-28 17:50",6,15,"2013-05-10 23:51","E","MOW","PAR",3,1,2,3,1,18517,1,1,4,0,0,0,1,0,0,0,0,1,0,0,0,0,0,0,0,0,0
"144",43,"2013-05-15 10:45","2013-05-15 05:30",7,15,"2013-05-10 23:51","E","MOW","PAR","2013-05-29 02:05","2013-05-28 17:50",6,15,"2013-05-10 23:51","E","MOW","PAR",3,1,2,3,1,18517,1,1,4,0,0,0,1,0,0,0,0,1,0,0,0,0,0,0,0,0,0
"145",43,"2013-05-15 12:00","2013-05-15 05:30",8,30,"2013-05-10 23:51","E","MOW","PAR","2013-05-29 02:05","2013-05-28 17:50",6,15,"2013-05-10 23:51","E","MOW","PAR",3,1,2,3,1,18517,1,1,4,0,0,0,1,0,0,0,0,1,0,0,0,0,0,0,0,0,0
"146",44,"2013-05-15 12:40","2013-05-15 10:35",4,5,"2013-05-10 23:51","E","MOW","PAR","2013-05-28 15:00","2013-05-28 09:20",3,40,"2013-05-10 23:51","E","MOW","PAR",0,0,2,1,2,18568,0,0,3,0,1,0,0,0,0,0,0,0,0,0,0,0,0,0,1,0,0
"147",44,"2013-05-15 12:40","2013-05-15 10:35",4,5,"2013-05-10 23:51","E","MOW","PAR","2013-05-28 21:30","2013-05-28 15:30",4,0,"2013-05-10 23:51","E","MOW","PAR",0,0,2,1,2,18568,0,0,3,0,1,0,0,0,0,0,0,0,0,0,0,0,0,0,1,0,0
"148",45,"2013-05-15 22:15","2013-05-15 18:15",6,0,"2013-05-10 23:51","E","MOW","PAR","2013-05-28 20:05","2013-05-28 11:00",7,5,"2013-05-10 23:51","E","MOW","PAR",1,1,3,1,1,18760,1,1,2,0,0,0,1,0,0,0,0,0,1,0,0,0,0,0,0,1,0
"149",46,"2013-05-15 22:15","2013-05-15 18:15",6,0,"2013-05-10 23:51","E","MOW","PAR","2013-05-28 14:50","2013-05-28 07:00",5,50,"2013-05-10 23:51","E","MOW","PAR",1,1,3,1,1,18775,1,1,2,0,0,0,1,0,0,0,0,0,0,1,0,0,0,0,0,1,0
"150",47,"2013-05-15 22:15","2013-05-15 18:15",6,0,"2013-05-10 23:51","E","MOW","PAR","2013-05-28 14:45","2013-05-28 06:10",6,35,"2013-05-10 23:51","E","MOW","PAR",1,1,3,1,1,18786,1,1,2,0,0,0,1,0,0,0,0,0,0,0,0,0,1,0,0,1,0
"151",48,"2013-05-15 19:15","2013-05-15 15:40",5,35,"2013-05-10 23:51","E","MOW","PAR","2013-05-29 01:25","2013-05-28 16:55",6,30,"2013-05-10 23:51","E","MOW","PAR",2,1,2,2,1,18792,1,1,3,0,0,0,0,0,0,0,0,0,0,1,0,0,0,0,0,1,0
"152",48,"2013-05-15 21:35","2013-05-15 15:40",7,55,"2013-05-10 23:51","E","MOW","PAR","2013-05-29 01:25","2013-05-28 16:55",6,30,"2013-05-10 23:51","E","MOW","PAR",2,1,2,2,1,18792,1,1,3,0,0,0,0,0,0,0,0,0,0,1,0,0,0,0,0,1,0
"153",49,"2013-05-15 13:15","2013-05-15 09:20",5,55,"2013-05-10 23:51","E","MOW","PAR","2013-05-28 17:30","2013-05-28 09:20",6,10,"2013-05-10 23:51","E","MOW","PAR",2,1,1,2,1,18828,1,1,3,0,0,0,0,0,0,0,0,0,0,1,0,0,0,0,0,0,0
"154",49,"2013-05-15 14:45","2013-05-15 09:20",7,25,"2013-05-10 23:51","E","MOW","PAR","2013-05-28 17:30","2013-05-28 09:20",6,10,"2013-05-10 23:51","E","MOW","PAR",2,1,1,2,1,18828,1,1,3,0,0,0,0,0,0,0,0,0,0,1,0,0,0,0,0,0,0
"155",50,"2013-05-15 10:45","2013-05-15 07:05",5,40,"2013-05-10 23:51","E","MOW","PAR","2013-05-28 17:30","2013-05-28 09:20",6,10,"2013-05-10 23:51","E","MOW","PAR",8,1,1,8,1,18847,1,1,9,0,0,0,0,0,0,0,0,0,0,1,0,0,0,0,0,0,0
"156",50,"2013-05-15 13:15","2013-05-15 07:05",8,10,"2013-05-10 23:51","E","MOW","PAR","2013-05-28 17:30","2013-05-28 09:20",6,10,"2013-05-10 23:51","E","MOW","PAR",8,1,1,8,1,18847,1,1,9,0,0,0,0,0,0,0,0,0,0,1,0,0,0,0,0,0,0
"157",50,"2013-05-15 17:05","2013-05-15 13:35",5,30,"2013-05-10 23:51","E","MOW","PAR","2013-05-28 17:30","2013-05-28 09:20",6,10,"2013-05-10 23:51","E","MOW","PAR",8,1,1,8,1,18847,1,1,9,0,0,0,0,0,0,0,0,0,0,1,0,0,0,0,0,0,0
"158",50,"2013-05-15 18:15","2013-05-15 13:35",6,40,"2013-05-10 23:51","E","MOW","PAR","2013-05-28 17:30","2013-05-28 09:20",6,10,"2013-05-10 23:51","E","MOW","PAR",8,1,1,8,1,18847,1,1,9,0,0,0,0,0,0,0,0,0,0,1,0,0,0,0,0,0,0
"159",50,"2013-05-15 19:20","2013-05-15 13:35",7,45,"2013-05-10 23:51","E","MOW","PAR","2013-05-28 17:30","2013-05-28 09:20",6,10,"2013-05-10 23:51","E","MOW","PAR",8,1,1,8,1,18847,1,1,9,0,0,0,0,0,0,0,0,0,0,1,0,0,0,0,0,0,0
"160",50,"2013-05-15 21:35","2013-05-15 17:35",6,0,"2013-05-10 23:51","E","MOW","PAR","2013-05-28 17:30","2013-05-28 09:20",6,10,"2013-05-10 23:51","E","MOW","PAR",8,1,1,8,1,18847,1,1,9,0,0,0,0,0,0,0,0,0,0,1,0,0,0,0,0,0,0
"161",50,"2013-05-15 22:45","2013-05-15 17:35",7,10,"2013-05-10 23:51","E","MOW","PAR","2013-05-28 17:30","2013-05-28 09:20",6,10,"2013-05-10 23:51","E","MOW","PAR",8,1,1,8,1,18847,1,1,9,0,0,0,0,0,0,0,0,0,0,1,0,0,0,0,0,0,0
"162",50,"2013-05-15 22:45","2013-05-15 18:30",6,15,"2013-05-10 23:51","E","MOW","PAR","2013-05-28 17:30","2013-05-28 09:20",6,10,"2013-05-10 23:51","E","MOW","PAR",8,1,1,8,1,18847,1,1,9,0,0,0,0,0,0,0,0,0,0,1,0,0,0,0,0,0,0
"163",51,"2013-05-15 19:35","2013-05-15 15:45",5,50,"2013-05-10 23:51","E","MOW","PAR","2013-05-28 15:10","2013-05-28 07:15",5,55,"2013-05-10 23:51","E","MOW","PAR",2,2,3,2,2,19158,1,1,4,1,0,0,0,0,0,0,0,0,1,0,0,0,1,0,0,0,0
"164",51,"2013-05-15 19:35","2013-05-15 15:45",5,50,"2013-05-10 23:51","E","MOW","PAR","2013-05-28 16:35","2013-05-28 07:15",7,20,"2013-05-10 23:51","E","MOW","PAR",2,2,3,2,2,19158,1,1,4,1,0,0,0,0,0,0,0,0,1,0,0,0,1,0,0,0,0
"165",51,"2013-05-15 22:05","2013-05-15 15:45",8,20,"2013-05-10 23:51","E","MOW","PAR","2013-05-28 15:10","2013-05-28 07:15",5,55,"2013-05-10 23:51","E","MOW","PAR",2,2,3,2,2,19158,1,1,4,1,0,0,0,0,0,0,0,0,1,0,0,0,1,0,0,0,0
"166",51,"2013-05-15 22:05","2013-05-15 15:45",8,20,"2013-05-10 23:51","E","MOW","PAR","2013-05-28 16:35","2013-05-28 07:15",7,20,"2013-05-10 23:51","E","MOW","PAR",2,2,3,2,2,19158,1,1,4,1,0,0,0,0,0,0,0,0,1,0,0,0,1,0,0,0,0
"167",52,"2013-05-15 12:40","2013-05-15 10:35",4,5,"2013-05-10 23:51","E","MOW","PAR","2013-05-28 15:00","2013-05-28 09:20",3,40,"2013-05-10 23:51","E","MOW","PAR",0,0,2,1,2,19337,0,0,3,0,1,0,0,0,0,0,0,0,0,0,0,0,0,0,1,0,0
"168",52,"2013-05-15 12:40","2013-05-15 10:35",4,5,"2013-05-10 23:51","E","MOW","PAR","2013-05-28 21:30","2013-05-28 15:30",4,0,"2013-05-10 23:51","E","MOW","PAR",0,0,2,1,2,19337,0,0,3,0,1,0,0,0,0,0,0,0,0,0,0,0,0,0,1,0,0
"169",53,"2013-05-15 09:20","2013-05-15 07:25",3,55,"2013-05-10 23:51","E","MOW","PAR","2013-05-28 15:15","2013-05-28 09:35",3,40,"2013-05-10 23:51","E","MOW","PAR",0,0,2,6,4,19847,0,0,10,1,0,0,1,0,0,0,0,0,0,0,0,0,0,0,0,0,0
"170",53,"2013-05-15 09:20","2013-05-15 07:25",3,55,"2013-05-10 23:51","E","MOW","PAR","2013-05-28 18:35","2013-05-28 12:45",3,50,"2013-05-10 23:51","E","MOW","PAR",0,0,2,6,4,19847,0,0,10,1,0,0,1,0,0,0,0,0,0,0,0,0,0,0,0,0,0
"171",53,"2013-05-15 09:20","2013-05-15 07:25",3,55,"2013-05-10 23:51","E","MOW","PAR","2013-05-28 21:25","2013-05-28 15:55",3,30,"2013-05-10 23:51","E","MOW","PAR",0,0,2,6,4,19847,0,0,10,1,0,0,1,0,0,0,0,0,0,0,0,0,0,0,0,0,0
"172",53,"2013-05-15 09:20","2013-05-15 07:25",3,55,"2013-05-10 23:51","E","MOW","PAR","2013-05-29 05:00","2013-05-28 23:25",3,35,"2013-05-10 23:51","E","MOW","PAR",0,0,2,6,4,19847,0,0,10,1,0,0,1,0,0,0,0,0,0,0,0,0,0,0,0,0,0
"173",53,"2013-05-15 11:40","2013-05-15 09:45",3,55,"2013-05-10 23:51","E","MOW","PAR","2013-05-28 15:15","2013-05-28 09:35",3,40,"2013-05-10 23:51","E","MOW","PAR",0,0,2,6,4,19847,0,0,10,1,0,0,1,0,0,0,0,0,0,0,0,0,0,0,0,0,0
"174",53,"2013-05-15 11:40","2013-05-15 09:45",3,55,"2013-05-10 23:51","E","MOW","PAR","2013-05-28 18:35","2013-05-28 12:45",3,50,"2013-05-10 23:51","E","MOW","PAR",0,0,2,6,4,19847,0,0,10,1,0,0,1,0,0,0,0,0,0,0,0,0,0,0,0,0,0
"175",53,"2013-05-15 11:40","2013-05-15 09:45",3,55,"2013-05-10 23:51","E","MOW","PAR","2013-05-28 21:25","2013-05-28 15:55",3,30,"2013-05-10 23:51","E","MOW","PAR",0,0,2,6,4,19847,0,0,10,1,0,0,1,0,0,0,0,0,0,0,0,0,0,0,0,0,0
"176",53,"2013-05-15 11:40","2013-05-15 09:45",3,55,"2013-05-10 23:51","E","MOW","PAR","2013-05-29 05:00","2013-05-28 23:25",3,35,"2013-05-10 23:51","E","MOW","PAR",0,0,2,6,4,19847,0,0,10,1,0,0,1,0,0,0,0,0,0,0,0,0,0,0,0,0,0
"177",53,"2013-05-15 14:35","2013-05-15 12:40",3,55,"2013-05-10 23:51","E","MOW","PAR","2013-05-28 15:15","2013-05-28 09:35",3,40,"2013-05-10 23:51","E","MOW","PAR",0,0,2,6,4,19847,0,0,10,1,0,0,1,0,0,0,0,0,0,0,0,0,0,0,0,0,0
"178",53,"2013-05-15 14:35","2013-05-15 12:40",3,55,"2013-05-10 23:51","E","MOW","PAR","2013-05-28 18:35","2013-05-28 12:45",3,50,"2013-05-10 23:51","E","MOW","PAR",0,0,2,6,4,19847,0,0,10,1,0,0,1,0,0,0,0,0,0,0,0,0,0,0,0,0,0
"179",53,"2013-05-15 14:35","2013-05-15 12:40",3,55,"2013-05-10 23:51","E","MOW","PAR","2013-05-28 21:25","2013-05-28 15:55",3,30,"2013-05-10 23:51","E","MOW","PAR",0,0,2,6,4,19847,0,0,10,1,0,0,1,0,0,0,0,0,0,0,0,0,0,0,0,0,0
"180",53,"2013-05-15 14:35","2013-05-15 12:40",3,55,"2013-05-10 23:51","E","MOW","PAR","2013-05-29 05:00","2013-05-28 23:25",3,35,"2013-05-10 23:51","E","MOW","PAR",0,0,2,6,4,19847,0,0,10,1,0,0,1,0,0,0,0,0,0,0,0,0,0,0,0,0,0
"181",53,"2013-05-15 16:05","2013-05-15 14:10",3,55,"2013-05-10 23:51","E","MOW","PAR","2013-05-28 15:15","2013-05-28 09:35",3,40,"2013-05-10 23:51","E","MOW","PAR",0,0,2,6,4,19847,0,0,10,1,0,0,1,0,0,0,0,0,0,0,0,0,0,0,0,0,0
"182",53,"2013-05-15 16:05","2013-05-15 14:10",3,55,"2013-05-10 23:51","E","MOW","PAR","2013-05-28 18:35","2013-05-28 12:45",3,50,"2013-05-10 23:51","E","MOW","PAR",0,0,2,6,4,19847,0,0,10,1,0,0,1,0,0,0,0,0,0,0,0,0,0,0,0,0,0
"183",53,"2013-05-15 16:05","2013-05-15 14:10",3,55,"2013-05-10 23:51","E","MOW","PAR","2013-05-28 21:25","2013-05-28 15:55",3,30,"2013-05-10 23:51","E","MOW","PAR",0,0,2,6,4,19847,0,0,10,1,0,0,1,0,0,0,0,0,0,0,0,0,0,0,0,0,0
"184",53,"2013-05-15 16:05","2013-05-15 14:10",3,55,"2013-05-10 23:51","E","MOW","PAR","2013-05-29 05:00","2013-05-28 23:25",3,35,"2013-05-10 23:51","E","MOW","PAR",0,0,2,6,4,19847,0,0,10,1,0,0,1,0,0,0,0,0,0,0,0,0,0,0,0,0,0
"185",53,"2013-05-15 17:00","2013-05-15 15:05",3,55,"2013-05-10 23:51","E","MOW","PAR","2013-05-28 15:15","2013-05-28 09:35",3,40,"2013-05-10 23:51","E","MOW","PAR",0,0,2,6,4,19847,0,0,10,1,0,0,1,0,0,0,0,0,0,0,0,0,0,0,0,0,0
"186",53,"2013-05-15 17:00","2013-05-15 15:05",3,55,"2013-05-10 23:51","E","MOW","PAR","2013-05-28 18:35","2013-05-28 12:45",3,50,"2013-05-10 23:51","E","MOW","PAR",0,0,2,6,4,19847,0,0,10,1,0,0,1,0,0,0,0,0,0,0,0,0,0,0,0,0,0
"187",53,"2013-05-15 17:00","2013-05-15 15:05",3,55,"2013-05-10 23:51","E","MOW","PAR","2013-05-28 21:25","2013-05-28 15:55",3,30,"2013-05-10 23:51","E","MOW","PAR",0,0,2,6,4,19847,0,0,10,1,0,0,1,0,0,0,0,0,0,0,0,0,0,0,0,0,0
"188",53,"2013-05-15 17:00","2013-05-15 15:05",3,55,"2013-05-10 23:51","E","MOW","PAR","2013-05-29 05:00","2013-05-28 23:25",3,35,"2013-05-10 23:51","E","MOW","PAR",0,0,2,6,4,19847,0,0,10,1,0,0,1,0,0,0,0,0,0,0,0,0,0,0,0,0,0
"189",53,"2013-05-15 18:10","2013-05-15 16:15",3,55,"2013-05-10 23:51","E","MOW","PAR","2013-05-28 15:15","2013-05-28 09:35",3,40,"2013-05-10 23:51","E","MOW","PAR",0,0,2,6,4,19847,0,0,10,1,0,0,1,0,0,0,0,0,0,0,0,0,0,0,0,0,0
"190",53,"2013-05-15 18:10","2013-05-15 16:15",3,55,"2013-05-10 23:51","E","MOW","PAR","2013-05-28 18:35","2013-05-28 12:45",3,50,"2013-05-10 23:51","E","MOW","PAR",0,0,2,6,4,19847,0,0,10,1,0,0,1,0,0,0,0,0,0,0,0,0,0,0,0,0,0
"191",53,"2013-05-15 18:10","2013-05-15 16:15",3,55,"2013-05-10 23:51","E","MOW","PAR","2013-05-28 21:25","2013-05-28 15:55",3,30,"2013-05-10 23:51","E","MOW","PAR",0,0,2,6,4,19847,0,0,10,1,0,0,1,0,0,0,0,0,0,0,0,0,0,0,0,0,0
"192",53,"2013-05-15 18:10","2013-05-15 16:15",3,55,"2013-05-10 23:51","E","MOW","PAR","2013-05-29 05:00","2013-05-28 23:25",3,35,"2013-05-10 23:51","E","MOW","PAR",0,0,2,6,4,19847,0,0,10,1,0,0,1,0,0,0,0,0,0,0,0,0,0,0,0,0,0
"193",54,"2013-05-15 11:05","2013-05-15 05:50",7,15,"2013-05-10 23:51","E","MOW","PAR","2013-05-28 21:00","2013-05-28 11:05",7,55,"2013-05-10 23:51","E","MOW","PAR",2,1,3,2,1,19876,1,1,3,1,0,0,1,1,0,0,0,0,0,0,0,0,0,0,0,0,0
"194",54,"2013-05-15 23:25","2013-05-15 17:45",7,40,"2013-05-10 23:51","E","MOW","PAR","2013-05-28 21:00","2013-05-28 11:05",7,55,"2013-05-10 23:51","E","MOW","PAR",2,1,3,2,1,19876,1,1,3,1,0,0,1,1,0,0,0,0,0,0,0,0,0,0,0,0,0
"195",55,"2013-05-15 11:05","2013-05-15 05:50",7,15,"2013-05-10 23:51","E","MOW","PAR","2013-05-28 16:35","2013-05-28 07:00",7,35,"2013-05-10 23:51","E","MOW","PAR",2,3,2,2,3,19922,1,1,5,1,0,0,0,1,0,0,0,0,0,0,0,0,0,0,0,0,0
"196",55,"2013-05-15 11:05","2013-05-15 05:50",7,15,"2013-05-10 23:51","E","MOW","PAR","2013-05-28 21:00","2013-05-28 12:35",6,25,"2013-05-10 23:51","E","MOW","PAR",2,3,2,2,3,19922,1,1,5,1,0,0,0,1,0,0,0,0,0,0,0,0,0,0,0,0,0
"197",55,"2013-05-15 11:05","2013-05-15 05:50",7,15,"2013-05-10 23:51","E","MOW","PAR","2013-05-29 03:35","2013-05-28 18:35",7,0,"2013-05-10 23:51","E","MOW","PAR",2,3,2,2,3,19922,1,1,5,1,0,0,0,1,0,0,0,0,0,0,0,0,0,0,0,0,0
"198",55,"2013-05-15 23:25","2013-05-15 17:45",7,40,"2013-05-10 23:51","E","MOW","PAR","2013-05-28 16:35","2013-05-28 07:00",7,35,"2013-05-10 23:51","E","MOW","PAR",2,3,2,2,3,19922,1,1,5,1,0,0,0,1,0,0,0,0,0,0,0,0,0,0,0,0,0
"199",55,"2013-05-15 23:25","2013-05-15 17:45",7,40,"2013-05-10 23:51","E","MOW","PAR","2013-05-28 21:00","2013-05-28 12:35",6,25,"2013-05-10 23:51","E","MOW","PAR",2,3,2,2,3,19922,1,1,5,1,0,0,0,1,0,0,0,0,0,0,0,0,0,0,0,0,0
"200",55,"2013-05-15 23:25","2013-05-15 17:45",7,40,"2013-05-10 23:51","E","MOW","PAR","2013-05-29 03:35","2013-05-28 18:35",7,0,"2013-05-10 23:51","E","MOW","PAR",2,3,2,2,3,19922,1,1,5,1,0,0,0,1,0,0,0,0,0,0,0,0,0,0,0,0,0
"201",56,"2013-05-15 20:30","2013-05-15 16:55",5,35,"2013-05-10 23:51","E","MOW","PAR","2013-05-28 16:10","2013-05-28 08:45",5,25,"2013-05-10 23:51","E","MOW","PAR",1,1,1,1,1,20229,1,1,2,0,0,1,0,0,0,0,0,0,0,0,0,0,0,0,0,0,0
"202",57,"2013-05-15 13:10","2013-05-15 11:10",4,0,"2013-05-10 23:51","E","MOW","PAR","2013-05-28 15:15","2013-05-28 09:35",3,40,"2013-05-10 23:51","E","MOW","PAR",0,0,2,1,4,20656,0,0,5,1,0,0,1,0,0,0,0,0,0,0,0,0,0,0,0,0,0
"203",57,"2013-05-15 13:10","2013-05-15 11:10",4,0,"2013-05-10 23:51","E","MOW","PAR","2013-05-28 18:35","2013-05-28 12:45",3,50,"2013-05-10 23:51","E","MOW","PAR",0,0,2,1,4,20656,0,0,5,1,0,0,1,0,0,0,0,0,0,0,0,0,0,0,0,0,0
"204",57,"2013-05-15 13:10","2013-05-15 11:10",4,0,"2013-05-10 23:51","E","MOW","PAR","2013-05-28 21:25","2013-05-28 15:55",3,30,"2013-05-10 23:51","E","MOW","PAR",0,0,2,1,4,20656,0,0,5,1,0,0,1,0,0,0,0,0,0,0,0,0,0,0,0,0,0
"205",57,"2013-05-15 13:10","2013-05-15 11:10",4,0,"2013-05-10 23:51","E","MOW","PAR","2013-05-29 05:00","2013-05-28 23:25",3,35,"2013-05-10 23:51","E","MOW","PAR",0,0,2,1,4,20656,0,0,5,1,0,0,1,0,0,0,0,0,0,0,0,0,0,0,0,0,0
"206",58,"2013-05-15 09:20","2013-05-15 07:25",3,55,"2013-05-10 23:51","E","MOW","PAR","2013-05-28 17:20","2013-05-28 11:45",3,35,"2013-05-10 23:51","E","MOW","PAR",0,0,2,6,3,20656,0,0,9,1,0,0,1,0,0,0,0,0,0,0,0,0,0,0,0,0,0
"207",58,"2013-05-15 09:20","2013-05-15 07:25",3,55,"2013-05-10 23:51","E","MOW","PAR","2013-05-28 19:30","2013-05-28 14:00",3,30,"2013-05-10 23:51","E","MOW","PAR",0,0,2,6,3,20656,0,0,9,1,0,0,1,0,0,0,0,0,0,0,0,0,0,0,0,0,0
"208",58,"2013-05-15 09:20","2013-05-15 07:25",3,55,"2013-05-10 23:51","E","MOW","PAR","2013-05-28 23:45","2013-05-28 18:10",3,35,"2013-05-10 23:51","E","MOW","PAR",0,0,2,6,3,20656,0,0,9,1,0,0,1,0,0,0,0,0,0,0,0,0,0,0,0,0,0
"209",58,"2013-05-15 11:40","2013-05-15 09:45",3,55,"2013-05-10 23:51","E","MOW","PAR","2013-05-28 17:20","2013-05-28 11:45",3,35,"2013-05-10 23:51","E","MOW","PAR",0,0,2,6,3,20656,0,0,9,1,0,0,1,0,0,0,0,0,0,0,0,0,0,0,0,0,0
"210",58,"2013-05-15 11:40","2013-05-15 09:45",3,55,"2013-05-10 23:51","E","MOW","PAR","2013-05-28 19:30","2013-05-28 14:00",3,30,"2013-05-10 23:51","E","MOW","PAR",0,0,2,6,3,20656,0,0,9,1,0,0,1,0,0,0,0,0,0,0,0,0,0,0,0,0,0
"211",58,"2013-05-15 11:40","2013-05-15 09:45",3,55,"2013-05-10 23:51","E","MOW","PAR","2013-05-28 23:45","2013-05-28 18:10",3,35,"2013-05-10 23:51","E","MOW","PAR",0,0,2,6,3,20656,0,0,9,1,0,0,1,0,0,0,0,0,0,0,0,0,0,0,0,0,0
"212",58,"2013-05-15 14:35","2013-05-15 12:40",3,55,"2013-05-10 23:51","E","MOW","PAR","2013-05-28 17:20","2013-05-28 11:45",3,35,"2013-05-10 23:51","E","MOW","PAR",0,0,2,6,3,20656,0,0,9,1,0,0,1,0,0,0,0,0,0,0,0,0,0,0,0,0,0
"213",58,"2013-05-15 14:35","2013-05-15 12:40",3,55,"2013-05-10 23:51","E","MOW","PAR","2013-05-28 19:30","2013-05-28 14:00",3,30,"2013-05-10 23:51","E","MOW","PAR",0,0,2,6,3,20656,0,0,9,1,0,0,1,0,0,0,0,0,0,0,0,0,0,0,0,0,0
"214",58,"2013-05-15 14:35","2013-05-15 12:40",3,55,"2013-05-10 23:51","E","MOW","PAR","2013-05-28 23:45","2013-05-28 18:10",3,35,"2013-05-10 23:51","E","MOW","PAR",0,0,2,6,3,20656,0,0,9,1,0,0,1,0,0,0,0,0,0,0,0,0,0,0,0,0,0
"215",58,"2013-05-15 16:05","2013-05-15 14:10",3,55,"2013-05-10 23:51","E","MOW","PAR","2013-05-28 17:20","2013-05-28 11:45",3,35,"2013-05-10 23:51","E","MOW","PAR",0,0,2,6,3,20656,0,0,9,1,0,0,1,0,0,0,0,0,0,0,0,0,0,0,0,0,0
"216",58,"2013-05-15 16:05","2013-05-15 14:10",3,55,"2013-05-10 23:51","E","MOW","PAR","2013-05-28 19:30","2013-05-28 14:00",3,30,"2013-05-10 23:51","E","MOW","PAR",0,0,2,6,3,20656,0,0,9,1,0,0,1,0,0,0,0,0,0,0,0,0,0,0,0,0,0
"217",58,"2013-05-15 16:05","2013-05-15 14:10",3,55,"2013-05-10 23:51","E","MOW","PAR","2013-05-28 23:45","2013-05-28 18:10",3,35,"2013-05-10 23:51","E","MOW","PAR",0,0,2,6,3,20656,0,0,9,1,0,0,1,0,0,0,0,0,0,0,0,0,0,0,0,0,0
"218",58,"2013-05-15 17:00","2013-05-15 15:05",3,55,"2013-05-10 23:51","E","MOW","PAR","2013-05-28 17:20","2013-05-28 11:45",3,35,"2013-05-10 23:51","E","MOW","PAR",0,0,2,6,3,20656,0,0,9,1,0,0,1,0,0,0,0,0,0,0,0,0,0,0,0,0,0
"219",58,"2013-05-15 17:00","2013-05-15 15:05",3,55,"2013-05-10 23:51","E","MOW","PAR","2013-05-28 19:30","2013-05-28 14:00",3,30,"2013-05-10 23:51","E","MOW","PAR",0,0,2,6,3,20656,0,0,9,1,0,0,1,0,0,0,0,0,0,0,0,0,0,0,0,0,0
"220",58,"2013-05-15 17:00","2013-05-15 15:05",3,55,"2013-05-10 23:51","E","MOW","PAR","2013-05-28 23:45","2013-05-28 18:10",3,35,"2013-05-10 23:51","E","MOW","PAR",0,0,2,6,3,20656,0,0,9,1,0,0,1,0,0,0,0,0,0,0,0,0,0,0,0,0,0
"221",58,"2013-05-15 18:10","2013-05-15 16:15",3,55,"2013-05-10 23:51","E","MOW","PAR","2013-05-28 17:20","2013-05-28 11:45",3,35,"2013-05-10 23:51","E","MOW","PAR",0,0,2,6,3,20656,0,0,9,1,0,0,1,0,0,0,0,0,0,0,0,0,0,0,0,0,0
"222",58,"2013-05-15 18:10","2013-05-15 16:15",3,55,"2013-05-10 23:51","E","MOW","PAR","2013-05-28 19:30","2013-05-28 14:00",3,30,"2013-05-10 23:51","E","MOW","PAR",0,0,2,6,3,20656,0,0,9,1,0,0,1,0,0,0,0,0,0,0,0,0,0,0,0,0,0
"223",58,"2013-05-15 18:10","2013-05-15 16:15",3,55,"2013-05-10 23:51","E","MOW","PAR","2013-05-28 23:45","2013-05-28 18:10",3,35,"2013-05-10 23:51","E","MOW","PAR",0,0,2,6,3,20656,0,0,9,1,0,0,1,0,0,0,0,0,0,0,0,0,0,0,0,0,0
"224",59,"2013-05-15 13:10","2013-05-15 11:10",4,0,"2013-05-10 23:51","E","MOW","PAR","2013-05-28 17:20","2013-05-28 11:45",3,35,"2013-05-10 23:51","E","MOW","PAR",0,0,1,1,3,21465,0,0,4,1,0,0,0,0,0,0,0,0,0,0,0,0,0,0,0,0,0
"225",59,"2013-05-15 13:10","2013-05-15 11:10",4,0,"2013-05-10 23:51","E","MOW","PAR","2013-05-28 19:30","2013-05-28 14:00",3,30,"2013-05-10 23:51","E","MOW","PAR",0,0,1,1,3,21465,0,0,4,1,0,0,0,0,0,0,0,0,0,0,0,0,0,0,0,0,0
"226",59,"2013-05-15 13:10","2013-05-15 11:10",4,0,"2013-05-10 23:51","E","MOW","PAR","2013-05-28 23:45","2013-05-28 18:10",3,35,"2013-05-10 23:51","E","MOW","PAR",0,0,1,1,3,21465,0,0,4,1,0,0,0,0,0,0,0,0,0,0,0,0,0,0,0,0,0
"227",60,"2013-05-15 13:10","2013-05-15 11:10",4,0,"2013-05-10 23:51","E","MOW","PAR","2013-05-28 13:10","2013-05-28 07:30",3,40,"2013-05-10 23:51","E","MOW","PAR",0,0,2,4,4,21776,0,0,8,1,0,0,1,0,0,0,0,0,0,0,0,0,0,0,0,0,0
"228",60,"2013-05-15 13:10","2013-05-15 11:10",4,0,"2013-05-10 23:51","E","MOW","PAR","2013-05-28 18:35","2013-05-28 12:45",3,50,"2013-05-10 23:51","E","MOW","PAR",0,0,2,4,4,21776,0,0,8,1,0,0,1,0,0,0,0,0,0,0,0,0,0,0,0,0,0
"229",60,"2013-05-15 13:10","2013-05-15 11:10",4,0,"2013-05-10 23:51","E","MOW","PAR","2013-05-28 21:40","2013-05-28 16:00",3,40,"2013-05-10 23:51","E","MOW","PAR",0,0,2,4,4,21776,0,0,8,1,0,0,1,0,0,0,0,0,0,0,0,0,0,0,0,0,0
"230",60,"2013-05-15 13:10","2013-05-15 11:10",4,0,"2013-05-10 23:51","E","MOW","PAR","2013-05-29 01:10","2013-05-28 19:30",3,40,"2013-05-10 23:51","E","MOW","PAR",0,0,2,4,4,21776,0,0,8,1,0,0,1,0,0,0,0,0,0,0,0,0,0,0,0,0,0
"231",60,"2013-05-15 14:35","2013-05-15 12:40",3,55,"2013-05-10 23:51","E","MOW","PAR","2013-05-28 13:10","2013-05-28 07:30",3,40,"2013-05-10 23:51","E","MOW","PAR",0,0,2,4,4,21776,0,0,8,1,0,0,1,0,0,0,0,0,0,0,0,0,0,0,0,0,0
"232",60,"2013-05-15 14:35","2013-05-15 12:40",3,55,"2013-05-10 23:51","E","MOW","PAR","2013-05-28 18:35","2013-05-28 12:45",3,50,"2013-05-10 23:51","E","MOW","PAR",0,0,2,4,4,21776,0,0,8,1,0,0,1,0,0,0,0,0,0,0,0,0,0,0,0,0,0
"233",60,"2013-05-15 14:35","2013-05-15 12:40",3,55,"2013-05-10 23:51","E","MOW","PAR","2013-05-28 21:40","2013-05-28 16:00",3,40,"2013-05-10 23:51","E","MOW","PAR",0,0,2,4,4,21776,0,0,8,1,0,0,1,0,0,0,0,0,0,0,0,0,0,0,0,0,0
"234",60,"2013-05-15 14:35","2013-05-15 12:40",3,55,"2013-05-10 23:51","E","MOW","PAR","2013-05-29 01:10","2013-05-28 19:30",3,40,"2013-05-10 23:51","E","MOW","PAR",0,0,2,4,4,21776,0,0,8,1,0,0,1,0,0,0,0,0,0,0,0,0,0,0,0,0,0
"235",60,"2013-05-15 16:05","2013-05-15 14:10",3,55,"2013-05-10 23:51","E","MOW","PAR","2013-05-28 13:10","2013-05-28 07:30",3,40,"2013-05-10 23:51","E","MOW","PAR",0,0,2,4,4,21776,0,0,8,1,0,0,1,0,0,0,0,0,0,0,0,0,0,0,0,0,0
"236",60,"2013-05-15 16:05","2013-05-15 14:10",3,55,"2013-05-10 23:51","E","MOW","PAR","2013-05-28 18:35","2013-05-28 12:45",3,50,"2013-05-10 23:51","E","MOW","PAR",0,0,2,4,4,21776,0,0,8,1,0,0,1,0,0,0,0,0,0,0,0,0,0,0,0,0,0
"237",60,"2013-05-15 16:05","2013-05-15 14:10",3,55,"2013-05-10 23:51","E","MOW","PAR","2013-05-28 21:40","2013-05-28 16:00",3,40,"2013-05-10 23:51","E","MOW","PAR",0,0,2,4,4,21776,0,0,8,1,0,0,1,0,0,0,0,0,0,0,0,0,0,0,0,0,0
"238",60,"2013-05-15 16:05","2013-05-15 14:10",3,55,"2013-05-10 23:51","E","MOW","PAR","2013-05-29 01:10","2013-05-28 19:30",3,40,"2013-05-10 23:51","E","MOW","PAR",0,0,2,4,4,21776,0,0,8,1,0,0,1,0,0,0,0,0,0,0,0,0,0,0,0,0,0
"239",60,"2013-05-15 17:00","2013-05-15 15:05",3,55,"2013-05-10 23:51","E","MOW","PAR","2013-05-28 13:10","2013-05-28 07:30",3,40,"2013-05-10 23:51","E","MOW","PAR",0,0,2,4,4,21776,0,0,8,1,0,0,1,0,0,0,0,0,0,0,0,0,0,0,0,0,0
"240",60,"2013-05-15 17:00","2013-05-15 15:05",3,55,"2013-05-10 23:51","E","MOW","PAR","2013-05-28 18:35","2013-05-28 12:45",3,50,"2013-05-10 23:51","E","MOW","PAR",0,0,2,4,4,21776,0,0,8,1,0,0,1,0,0,0,0,0,0,0,0,0,0,0,0,0,0
"241",60,"2013-05-15 17:00","2013-05-15 15:05",3,55,"2013-05-10 23:51","E","MOW","PAR","2013-05-28 21:40","2013-05-28 16:00",3,40,"2013-05-10 23:51","E","MOW","PAR",0,0,2,4,4,21776,0,0,8,1,0,0,1,0,0,0,0,0,0,0,0,0,0,0,0,0,0
"242",60,"2013-05-15 17:00","2013-05-15 15:05",3,55,"2013-05-10 23:51","E","MOW","PAR","2013-05-29 01:10","2013-05-28 19:30",3,40,"2013-05-10 23:51","E","MOW","PAR",0,0,2,4,4,21776,0,0,8,1,0,0,1,0,0,0,0,0,0,0,0,0,0,0,0,0,0
"243",61,"2013-05-15 09:20","2013-05-15 07:25",3,55,"2013-05-10 23:51","E","MOW","PAR","2013-05-28 13:10","2013-05-28 07:30",3,40,"2013-05-10 23:51","E","MOW","PAR",0,0,2,6,2,22275,0,0,8,1,0,0,1,0,0,0,0,0,0,0,0,0,0,0,0,0,0
"244",61,"2013-05-15 09:20","2013-05-15 07:25",3,55,"2013-05-10 23:51","E","MOW","PAR","2013-05-29 01:10","2013-05-28 19:30",3,40,"2013-05-10 23:51","E","MOW","PAR",0,0,2,6,2,22275,0,0,8,1,0,0,1,0,0,0,0,0,0,0,0,0,0,0,0,0,0
"245",61,"2013-05-15 11:40","2013-05-15 09:45",3,55,"2013-05-10 23:51","E","MOW","PAR","2013-05-28 13:10","2013-05-28 07:30",3,40,"2013-05-10 23:51","E","MOW","PAR",0,0,2,6,2,22275,0,0,8,1,0,0,1,0,0,0,0,0,0,0,0,0,0,0,0,0,0
"246",61,"2013-05-15 11:40","2013-05-15 09:45",3,55,"2013-05-10 23:51","E","MOW","PAR","2013-05-29 01:10","2013-05-28 19:30",3,40,"2013-05-10 23:51","E","MOW","PAR",0,0,2,6,2,22275,0,0,8,1,0,0,1,0,0,0,0,0,0,0,0,0,0,0,0,0,0
"247",61,"2013-05-15 14:35","2013-05-15 12:40",3,55,"2013-05-10 23:51","E","MOW","PAR","2013-05-28 13:10","2013-05-28 07:30",3,40,"2013-05-10 23:51","E","MOW","PAR",0,0,2,6,2,22275,0,0,8,1,0,0,1,0,0,0,0,0,0,0,0,0,0,0,0,0,0
"248",61,"2013-05-15 14:35","2013-05-15 12:40",3,55,"2013-05-10 23:51","E","MOW","PAR","2013-05-29 01:10","2013-05-28 19:30",3,40,"2013-05-10 23:51","E","MOW","PAR",0,0,2,6,2,22275,0,0,8,1,0,0,1,0,0,0,0,0,0,0,0,0,0,0,0,0,0
"249",61,"2013-05-15 16:05","2013-05-15 14:10",3,55,"2013-05-10 23:51","E","MOW","PAR","2013-05-28 13:10","2013-05-28 07:30",3,40,"2013-05-10 23:51","E","MOW","PAR",0,0,2,6,2,22275,0,0,8,1,0,0,1,0,0,0,0,0,0,0,0,0,0,0,0,0,0
"250",61,"2013-05-15 16:05","2013-05-15 14:10",3,55,"2013-05-10 23:51","E","MOW","PAR","2013-05-29 01:10","2013-05-28 19:30",3,40,"2013-05-10 23:51","E","MOW","PAR",0,0,2,6,2,22275,0,0,8,1,0,0,1,0,0,0,0,0,0,0,0,0,0,0,0,0,0
"251",61,"2013-05-15 17:00","2013-05-15 15:05",3,55,"2013-05-10 23:51","E","MOW","PAR","2013-05-28 13:10","2013-05-28 07:30",3,40,"2013-05-10 23:51","E","MOW","PAR",0,0,2,6,2,22275,0,0,8,1,0,0,1,0,0,0,0,0,0,0,0,0,0,0,0,0,0
"252",61,"2013-05-15 17:00","2013-05-15 15:05",3,55,"2013-05-10 23:51","E","MOW","PAR","2013-05-29 01:10","2013-05-28 19:30",3,40,"2013-05-10 23:51","E","MOW","PAR",0,0,2,6,2,22275,0,0,8,1,0,0,1,0,0,0,0,0,0,0,0,0,0,0,0,0,0
"253",61,"2013-05-15 18:10","2013-05-15 16:15",3,55,"2013-05-10 23:51","E","MOW","PAR","2013-05-28 13:10","2013-05-28 07:30",3,40,"2013-05-10 23:51","E","MOW","PAR",0,0,2,6,2,22275,0,0,8,1,0,0,1,0,0,0,0,0,0,0,0,0,0,0,0,0,0
"254",61,"2013-05-15 18:10","2013-05-15 16:15",3,55,"2013-05-10 23:51","E","MOW","PAR","2013-05-29 01:10","2013-05-28 19:30",3,40,"2013-05-10 23:51","E","MOW","PAR",0,0,2,6,2,22275,0,0,8,1,0,0,1,0,0,0,0,0,0,0,0,0,0,0,0,0,0
"255",62,"2013-05-15 21:40","2013-05-15 19:45",3,55,"2013-05-10 23:51","E","MOW","PAR","2013-05-28 15:15","2013-05-28 09:35",3,40,"2013-05-10 23:51","E","MOW","PAR",0,0,2,1,4,22275,0,0,5,1,0,0,1,0,0,0,0,0,0,0,0,0,0,0,0,0,0
"256",62,"2013-05-15 21:40","2013-05-15 19:45",3,55,"2013-05-10 23:51","E","MOW","PAR","2013-05-28 18:35","2013-05-28 12:45",3,50,"2013-05-10 23:51","E","MOW","PAR",0,0,2,1,4,22275,0,0,5,1,0,0,1,0,0,0,0,0,0,0,0,0,0,0,0,0,0
"257",62,"2013-05-15 21:40","2013-05-15 19:45",3,55,"2013-05-10 23:51","E","MOW","PAR","2013-05-28 21:25","2013-05-28 15:55",3,30,"2013-05-10 23:51","E","MOW","PAR",0,0,2,1,4,22275,0,0,5,1,0,0,1,0,0,0,0,0,0,0,0,0,0,0,0,0,0
"258",62,"2013-05-15 21:40","2013-05-15 19:45",3,55,"2013-05-10 23:51","E","MOW","PAR","2013-05-29 05:00","2013-05-28 23:25",3,35,"2013-05-10 23:51","E","MOW","PAR",0,0,2,1,4,22275,0,0,5,1,0,0,1,0,0,0,0,0,0,0,0,0,0,0,0,0,0
"259",63,"2013-05-15 13:10","2013-05-15 11:10",4,0,"2013-05-10 23:51","E","MOW","PAR","2013-05-28 23:45","2013-05-28 18:10",3,35,"2013-05-10 23:51","E","MOW","PAR",0,0,2,4,2,22637,0,0,6,1,0,0,1,0,0,0,0,0,0,0,0,0,0,0,0,0,0
"260",63,"2013-05-15 13:10","2013-05-15 11:10",4,0,"2013-05-10 23:51","E","MOW","PAR","2013-05-29 05:00","2013-05-28 23:25",3,35,"2013-05-10 23:51","E","MOW","PAR",0,0,2,4,2,22637,0,0,6,1,0,0,1,0,0,0,0,0,0,0,0,0,0,0,0,0,0
"261",63,"2013-05-15 14:35","2013-05-15 12:40",3,55,"2013-05-10 23:51","E","MOW","PAR","2013-05-28 23:45","2013-05-28 18:10",3,35,"2013-05-10 23:51","E","MOW","PAR",0,0,2,4,2,22637,0,0,6,1,0,0,1,0,0,0,0,0,0,0,0,0,0,0,0,0,0
"262",63,"2013-05-15 14:35","2013-05-15 12:40",3,55,"2013-05-10 23:51","E","MOW","PAR","2013-05-29 05:00","2013-05-28 23:25",3,35,"2013-05-10 23:51","E","MOW","PAR",0,0,2,4,2,22637,0,0,6,1,0,0,1,0,0,0,0,0,0,0,0,0,0,0,0,0,0
"263",63,"2013-05-15 16:05","2013-05-15 14:10",3,55,"2013-05-10 23:51","E","MOW","PAR","2013-05-28 23:45","2013-05-28 18:10",3,35,"2013-05-10 23:51","E","MOW","PAR",0,0,2,4,2,22637,0,0,6,1,0,0,1,0,0,0,0,0,0,0,0,0,0,0,0,0,0
"264",63,"2013-05-15 16:05","2013-05-15 14:10",3,55,"2013-05-10 23:51","E","MOW","PAR","2013-05-29 05:00","2013-05-28 23:25",3,35,"2013-05-10 23:51","E","MOW","PAR",0,0,2,4,2,22637,0,0,6,1,0,0,1,0,0,0,0,0,0,0,0,0,0,0,0,0,0
"265",63,"2013-05-15 17:00","2013-05-15 15:05",3,55,"2013-05-10 23:51","E","MOW","PAR","2013-05-28 23:45","2013-05-28 18:10",3,35,"2013-05-10 23:51","E","MOW","PAR",0,0,2,4,2,22637,0,0,6,1,0,0,1,0,0,0,0,0,0,0,0,0,0,0,0,0,0
"266",63,"2013-05-15 17:00","2013-05-15 15:05",3,55,"2013-05-10 23:51","E","MOW","PAR","2013-05-29 05:00","2013-05-28 23:25",3,35,"2013-05-10 23:51","E","MOW","PAR",0,0,2,4,2,22637,0,0,6,1,0,0,1,0,0,0,0,0,0,0,0,0,0,0,0,0,0
"267",64,"2013-05-15 09:20","2013-05-15 07:25",3,55,"2013-05-10 23:51","E","MOW","PAR","2013-05-28 13:10","2013-05-28 07:30",3,40,"2013-05-10 23:51","E","MOW","PAR",0,0,2,5,4,23076,0,0,9,1,0,0,1,0,0,0,0,0,0,0,0,0,0,0,0,0,0
"268",64,"2013-05-15 09:20","2013-05-15 07:25",3,55,"2013-05-10 23:51","E","MOW","PAR","2013-05-28 18:35","2013-05-28 12:45",3,50,"2013-05-10 23:51","E","MOW","PAR",0,0,2,5,4,23076,0,0,9,1,0,0,1,0,0,0,0,0,0,0,0,0,0,0,0,0,0
"269",64,"2013-05-15 09:20","2013-05-15 07:25",3,55,"2013-05-10 23:51","E","MOW","PAR","2013-05-28 21:40","2013-05-28 16:00",3,40,"2013-05-10 23:51","E","MOW","PAR",0,0,2,5,4,23076,0,0,9,1,0,0,1,0,0,0,0,0,0,0,0,0,0,0,0,0,0
"270",64,"2013-05-15 09:20","2013-05-15 07:25",3,55,"2013-05-10 23:51","E","MOW","PAR","2013-05-29 01:10","2013-05-28 19:30",3,40,"2013-05-10 23:51","E","MOW","PAR",0,0,2,5,4,23076,0,0,9,1,0,0,1,0,0,0,0,0,0,0,0,0,0,0,0,0,0
"271",64,"2013-05-15 10:45","2013-05-15 08:50",3,55,"2013-05-10 23:51","E","MOW","PAR","2013-05-28 13:10","2013-05-28 07:30",3,40,"2013-05-10 23:51","E","MOW","PAR",0,0,2,5,4,23076,0,0,9,1,0,0,1,0,0,0,0,0,0,0,0,0,0,0,0,0,0
"272",64,"2013-05-15 10:45","2013-05-15 08:50",3,55,"2013-05-10 23:51","E","MOW","PAR","2013-05-28 18:35","2013-05-28 12:45",3,50,"2013-05-10 23:51","E","MOW","PAR",0,0,2,5,4,23076,0,0,9,1,0,0,1,0,0,0,0,0,0,0,0,0,0,0,0,0,0
"273",64,"2013-05-15 10:45","2013-05-15 08:50",3,55,"2013-05-10 23:51","E","MOW","PAR","2013-05-28 21:40","2013-05-28 16:00",3,40,"2013-05-10 23:51","E","MOW","PAR",0,0,2,5,4,23076,0,0,9,1,0,0,1,0,0,0,0,0,0,0,0,0,0,0,0,0,0
"274",64,"2013-05-15 10:45","2013-05-15 08:50",3,55,"2013-05-10 23:51","E","MOW","PAR","2013-05-29 01:10","2013-05-28 19:30",3,40,"2013-05-10 23:51","E","MOW","PAR",0,0,2,5,4,23076,0,0,9,1,0,0,1,0,0,0,0,0,0,0,0,0,0,0,0,0,0
"275",64,"2013-05-15 11:40","2013-05-15 09:45",3,55,"2013-05-10 23:51","E","MOW","PAR","2013-05-28 13:10","2013-05-28 07:30",3,40,"2013-05-10 23:51","E","MOW","PAR",0,0,2,5,4,23076,0,0,9,1,0,0,1,0,0,0,0,0,0,0,0,0,0,0,0,0,0
"276",64,"2013-05-15 11:40","2013-05-15 09:45",3,55,"2013-05-10 23:51","E","MOW","PAR","2013-05-28 18:35","2013-05-28 12:45",3,50,"2013-05-10 23:51","E","MOW","PAR",0,0,2,5,4,23076,0,0,9,1,0,0,1,0,0,0,0,0,0,0,0,0,0,0,0,0,0
"277",64,"2013-05-15 11:40","2013-05-15 09:45",3,55,"2013-05-10 23:51","E","MOW","PAR","2013-05-28 21:40","2013-05-28 16:00",3,40,"2013-05-10 23:51","E","MOW","PAR",0,0,2,5,4,23076,0,0,9,1,0,0,1,0,0,0,0,0,0,0,0,0,0,0,0,0,0
"278",64,"2013-05-15 11:40","2013-05-15 09:45",3,55,"2013-05-10 23:51","E","MOW","PAR","2013-05-29 01:10","2013-05-28 19:30",3,40,"2013-05-10 23:51","E","MOW","PAR",0,0,2,5,4,23076,0,0,9,1,0,0,1,0,0,0,0,0,0,0,0,0,0,0,0,0,0
"279",64,"2013-05-15 18:10","2013-05-15 16:15",3,55,"2013-05-10 23:51","E","MOW","PAR","2013-05-28 13:10","2013-05-28 07:30",3,40,"2013-05-10 23:51","E","MOW","PAR",0,0,2,5,4,23076,0,0,9,1,0,0,1,0,0,0,0,0,0,0,0,0,0,0,0,0,0
"280",64,"2013-05-15 18:10","2013-05-15 16:15",3,55,"2013-05-10 23:51","E","MOW","PAR","2013-05-28 18:35","2013-05-28 12:45",3,50,"2013-05-10 23:51","E","MOW","PAR",0,0,2,5,4,23076,0,0,9,1,0,0,1,0,0,0,0,0,0,0,0,0,0,0,0,0,0
"281",64,"2013-05-15 18:10","2013-05-15 16:15",3,55,"2013-05-10 23:51","E","MOW","PAR","2013-05-28 21:40","2013-05-28 16:00",3,40,"2013-05-10 23:51","E","MOW","PAR",0,0,2,5,4,23076,0,0,9,1,0,0,1,0,0,0,0,0,0,0,0,0,0,0,0,0,0
"282",64,"2013-05-15 18:10","2013-05-15 16:15",3,55,"2013-05-10 23:51","E","MOW","PAR","2013-05-29 01:10","2013-05-28 19:30",3,40,"2013-05-10 23:51","E","MOW","PAR",0,0,2,5,4,23076,0,0,9,1,0,0,1,0,0,0,0,0,0,0,0,0,0,0,0,0,0
"283",64,"2013-05-15 21:40","2013-05-15 19:45",3,55,"2013-05-10 23:51","E","MOW","PAR","2013-05-28 13:10","2013-05-28 07:30",3,40,"2013-05-10 23:51","E","MOW","PAR",0,0,2,5,4,23076,0,0,9,1,0,0,1,0,0,0,0,0,0,0,0,0,0,0,0,0,0
"284",64,"2013-05-15 21:40","2013-05-15 19:45",3,55,"2013-05-10 23:51","E","MOW","PAR","2013-05-28 18:35","2013-05-28 12:45",3,50,"2013-05-10 23:51","E","MOW","PAR",0,0,2,5,4,23076,0,0,9,1,0,0,1,0,0,0,0,0,0,0,0,0,0,0,0,0,0
"285",64,"2013-05-15 21:40","2013-05-15 19:45",3,55,"2013-05-10 23:51","E","MOW","PAR","2013-05-28 21:40","2013-05-28 16:00",3,40,"2013-05-10 23:51","E","MOW","PAR",0,0,2,5,4,23076,0,0,9,1,0,0,1,0,0,0,0,0,0,0,0,0,0,0,0,0,0
"286",64,"2013-05-15 21:40","2013-05-15 19:45",3,55,"2013-05-10 23:51","E","MOW","PAR","2013-05-29 01:10","2013-05-28 19:30",3,40,"2013-05-10 23:51","E","MOW","PAR",0,0,2,5,4,23076,0,0,9,1,0,0,1,0,0,0,0,0,0,0,0,0,0,0,0,0,0
"287",65,"2013-05-15 13:10","2013-05-15 11:10",4,0,"2013-05-10 23:51","E","MOW","PAR","2013-05-28 13:10","2013-05-28 07:30",3,40,"2013-05-10 23:51","E","MOW","PAR",0,0,2,1,2,23084,0,0,3,1,0,0,1,0,0,0,0,0,0,0,0,0,0,0,0,0,0
"288",65,"2013-05-15 13:10","2013-05-15 11:10",4,0,"2013-05-10 23:51","E","MOW","PAR","2013-05-29 01:10","2013-05-28 19:30",3,40,"2013-05-10 23:51","E","MOW","PAR",0,0,2,1,2,23084,0,0,3,1,0,0,1,0,0,0,0,0,0,0,0,0,0,0,0,0,0
"289",66,"2013-05-15 21:40","2013-05-15 19:45",3,55,"2013-05-10 23:51","E","MOW","PAR","2013-05-28 17:20","2013-05-28 11:45",3,35,"2013-05-10 23:51","E","MOW","PAR",0,0,2,1,3,23084,0,0,4,1,0,0,1,0,0,0,0,0,0,0,0,0,0,0,0,0,0
"290",66,"2013-05-15 21:40","2013-05-15 19:45",3,55,"2013-05-10 23:51","E","MOW","PAR","2013-05-28 19:30","2013-05-28 14:00",3,30,"2013-05-10 23:51","E","MOW","PAR",0,0,2,1,3,23084,0,0,4,1,0,0,1,0,0,0,0,0,0,0,0,0,0,0,0,0,0
"291",66,"2013-05-15 21:40","2013-05-15 19:45",3,55,"2013-05-10 23:51","E","MOW","PAR","2013-05-28 23:45","2013-05-28 18:10",3,35,"2013-05-10 23:51","E","MOW","PAR",0,0,2,1,3,23084,0,0,4,1,0,0,1,0,0,0,0,0,0,0,0,0,0,0,0,0,0
"292",67,"2013-05-15 09:20","2013-05-15 07:25",3,55,"2013-05-10 23:51","E","MOW","PAR","2013-05-28 23:45","2013-05-28 18:10",3,35,"2013-05-10 23:51","E","MOW","PAR",0,0,2,5,2,23937,0,0,7,1,0,0,1,0,0,0,0,0,0,0,0,0,0,0,0,0,0
"293",67,"2013-05-15 09:20","2013-05-15 07:25",3,55,"2013-05-10 23:51","E","MOW","PAR","2013-05-29 05:00","2013-05-28 23:25",3,35,"2013-05-10 23:51","E","MOW","PAR",0,0,2,5,2,23937,0,0,7,1,0,0,1,0,0,0,0,0,0,0,0,0,0,0,0,0,0
"294",67,"2013-05-15 10:45","2013-05-15 08:50",3,55,"2013-05-10 23:51","E","MOW","PAR","2013-05-28 23:45","2013-05-28 18:10",3,35,"2013-05-10 23:51","E","MOW","PAR",0,0,2,5,2,23937,0,0,7,1,0,0,1,0,0,0,0,0,0,0,0,0,0,0,0,0,0
"295",67,"2013-05-15 10:45","2013-05-15 08:50",3,55,"2013-05-10 23:51","E","MOW","PAR","2013-05-29 05:00","2013-05-28 23:25",3,35,"2013-05-10 23:51","E","MOW","PAR",0,0,2,5,2,23937,0,0,7,1,0,0,1,0,0,0,0,0,0,0,0,0,0,0,0,0,0
"296",67,"2013-05-15 11:40","2013-05-15 09:45",3,55,"2013-05-10 23:51","E","MOW","PAR","2013-05-28 23:45","2013-05-28 18:10",3,35,"2013-05-10 23:51","E","MOW","PAR",0,0,2,5,2,23937,0,0,7,1,0,0,1,0,0,0,0,0,0,0,0,0,0,0,0,0,0
"297",67,"2013-05-15 11:40","2013-05-15 09:45",3,55,"2013-05-10 23:51","E","MOW","PAR","2013-05-29 05:00","2013-05-28 23:25",3,35,"2013-05-10 23:51","E","MOW","PAR",0,0,2,5,2,23937,0,0,7,1,0,0,1,0,0,0,0,0,0,0,0,0,0,0,0,0,0
"298",67,"2013-05-15 18:10","2013-05-15 16:15",3,55,"2013-05-10 23:51","E","MOW","PAR","2013-05-28 23:45","2013-05-28 18:10",3,35,"2013-05-10 23:51","E","MOW","PAR",0,0,2,5,2,23937,0,0,7,1,0,0,1,0,0,0,0,0,0,0,0,0,0,0,0,0,0
"299",67,"2013-05-15 18:10","2013-05-15 16:15",3,55,"2013-05-10 23:51","E","MOW","PAR","2013-05-29 05:00","2013-05-28 23:25",3,35,"2013-05-10 23:51","E","MOW","PAR",0,0,2,5,2,23937,0,0,7,1,0,0,1,0,0,0,0,0,0,0,0,0,0,0,0,0,0
"300",67,"2013-05-15 21:40","2013-05-15 19:45",3,55,"2013-05-10 23:51","E","MOW","PAR","2013-05-28 23:45","2013-05-28 18:10",3,35,"2013-05-10 23:51","E","MOW","PAR",0,0,2,5,2,23937,0,0,7,1,0,0,1,0,0,0,0,0,0,0,0,0,0,0,0,0,0
"301",67,"2013-05-15 21:40","2013-05-15 19:45",3,55,"2013-05-10 23:51","E","MOW","PAR","2013-05-29 05:00","2013-05-28 23:25",3,35,"2013-05-10 23:51","E","MOW","PAR",0,0,2,5,2,23937,0,0,7,1,0,0,1,0,0,0,0,0,0,0,0,0,0,0,0,0,0
"302",68,"2013-05-15 22:20","2013-05-15 17:20",7,0,"2013-05-10 23:51","E","MOW","PAR","2013-05-28 20:05","2013-05-28 11:00",7,5,"2013-05-10 23:51","E","MOW","PAR",2,1,2,2,1,24394,1,1,3,1,0,0,0,0,0,0,0,0,1,0,0,0,0,0,0,0,0
"303",68,"2013-05-15 22:20","2013-05-15 18:50",5,30,"2013-05-10 23:51","E","MOW","PAR","2013-05-28 20:05","2013-05-28 11:00",7,5,"2013-05-10 23:51","E","MOW","PAR",2,1,2,2,1,24394,1,1,3,1,0,0,0,0,0,0,0,0,1,0,0,0,0,0,0,0,0
"304",69,"2013-05-15 13:10","2013-05-15 11:10",4,0,"2013-05-10 23:51","E","MOW","PAR","2013-05-28 17:20","2013-05-28 11:45",3,35,"2013-05-10 23:51","E","MOW","PAR",0,0,2,4,1,24582,0,0,5,1,0,0,1,0,0,0,0,0,0,0,0,0,0,0,0,0,0
"305",69,"2013-05-15 14:35","2013-05-15 12:40",3,55,"2013-05-10 23:51","E","MOW","PAR","2013-05-28 17:20","2013-05-28 11:45",3,35,"2013-05-10 23:51","E","MOW","PAR",0,0,2,4,1,24582,0,0,5,1,0,0,1,0,0,0,0,0,0,0,0,0,0,0,0,0,0
"306",69,"2013-05-15 16:05","2013-05-15 14:10",3,55,"2013-05-10 23:51","E","MOW","PAR","2013-05-28 17:20","2013-05-28 11:45",3,35,"2013-05-10 23:51","E","MOW","PAR",0,0,2,4,1,24582,0,0,5,1,0,0,1,0,0,0,0,0,0,0,0,0,0,0,0,0,0
"307",69,"2013-05-15 17:00","2013-05-15 15:05",3,55,"2013-05-10 23:51","E","MOW","PAR","2013-05-28 17:20","2013-05-28 11:45",3,35,"2013-05-10 23:51","E","MOW","PAR",0,0,2,4,1,24582,0,0,5,1,0,0,1,0,0,0,0,0,0,0,0,0,0,0,0,0,0
"308",70,"2013-05-15 21:40","2013-05-15 19:45",3,55,"2013-05-10 23:51","E","MOW","PAR","2013-05-28 13:10","2013-05-28 07:30",3,40,"2013-05-10 23:51","E","MOW","PAR",0,0,1,1,2,24703,0,0,3,0,0,0,1,0,0,0,0,0,0,0,0,0,0,0,0,0,0
"309",70,"2013-05-15 21:40","2013-05-15 19:45",3,55,"2013-05-10 23:51","E","MOW","PAR","2013-05-29 01:10","2013-05-28 19:30",3,40,"2013-05-10 23:51","E","MOW","PAR",0,0,1,1,2,24703,0,0,3,0,0,0,1,0,0,0,0,0,0,0,0,0,0,0,0,0,0
"310",71,"2013-05-15 20:55","2013-05-15 18:55",4,0,"2013-05-10 23:51","E","MOW","PAR","2013-05-28 13:10","2013-05-28 07:30",3,40,"2013-05-10 23:51","E","MOW","PAR",0,0,2,1,4,24798,0,0,5,1,0,0,1,0,0,0,0,0,0,0,0,0,0,0,0,0,0
"311",71,"2013-05-15 20:55","2013-05-15 18:55",4,0,"2013-05-10 23:51","E","MOW","PAR","2013-05-28 18:35","2013-05-28 12:45",3,50,"2013-05-10 23:51","E","MOW","PAR",0,0,2,1,4,24798,0,0,5,1,0,0,1,0,0,0,0,0,0,0,0,0,0,0,0,0,0
"312",71,"2013-05-15 20:55","2013-05-15 18:55",4,0,"2013-05-10 23:51","E","MOW","PAR","2013-05-28 21:40","2013-05-28 16:00",3,40,"2013-05-10 23:51","E","MOW","PAR",0,0,2,1,4,24798,0,0,5,1,0,0,1,0,0,0,0,0,0,0,0,0,0,0,0,0,0
"313",71,"2013-05-15 20:55","2013-05-15 18:55",4,0,"2013-05-10 23:51","E","MOW","PAR","2013-05-29 01:10","2013-05-28 19:30",3,40,"2013-05-10 23:51","E","MOW","PAR",0,0,2,1,4,24798,0,0,5,1,0,0,1,0,0,0,0,0,0,0,0,0,0,0,0,0,0
"314",72,"2013-05-15 09:20","2013-05-15 07:25",3,55,"2013-05-10 23:51","E","MOW","PAR","2013-05-28 21:40","2013-05-28 16:00",3,40,"2013-05-10 23:51","E","MOW","PAR",0,0,2,6,1,25512,0,0,7,1,0,0,1,0,0,0,0,0,0,0,0,0,0,0,0,0,0
"315",72,"2013-05-15 11:40","2013-05-15 09:45",3,55,"2013-05-10 23:51","E","MOW","PAR","2013-05-28 21:40","2013-05-28 16:00",3,40,"2013-05-10 23:51","E","MOW","PAR",0,0,2,6,1,25512,0,0,7,1,0,0,1,0,0,0,0,0,0,0,0,0,0,0,0,0,0
"316",72,"2013-05-15 14:35","2013-05-15 12:40",3,55,"2013-05-10 23:51","E","MOW","PAR","2013-05-28 21:40","2013-05-28 16:00",3,40,"2013-05-10 23:51","E","MOW","PAR",0,0,2,6,1,25512,0,0,7,1,0,0,1,0,0,0,0,0,0,0,0,0,0,0,0,0,0
"317",72,"2013-05-15 16:05","2013-05-15 14:10",3,55,"2013-05-10 23:51","E","MOW","PAR","2013-05-28 21:40","2013-05-28 16:00",3,40,"2013-05-10 23:51","E","MOW","PAR",0,0,2,6,1,25512,0,0,7,1,0,0,1,0,0,0,0,0,0,0,0,0,0,0,0,0,0
"318",72,"2013-05-15 17:00","2013-05-15 15:05",3,55,"2013-05-10 23:51","E","MOW","PAR","2013-05-28 21:40","2013-05-28 16:00",3,40,"2013-05-10 23:51","E","MOW","PAR",0,0,2,6,1,25512,0,0,7,1,0,0,1,0,0,0,0,0,0,0,0,0,0,0,0,0,0
"319",72,"2013-05-15 18:10","2013-05-15 16:15",3,55,"2013-05-10 23:51","E","MOW","PAR","2013-05-28 21:40","2013-05-28 16:00",3,40,"2013-05-10 23:51","E","MOW","PAR",0,0,2,6,1,25512,0,0,7,1,0,0,1,0,0,0,0,0,0,0,0,0,0,0,0,0,0
"320",73,"2013-05-15 10:45","2013-05-15 08:50",3,55,"2013-05-10 23:51","E","MOW","PAR","2013-05-28 15:15","2013-05-28 09:35",3,40,"2013-05-10 23:51","E","MOW","PAR",0,0,2,2,4,25512,0,0,6,1,0,0,1,0,0,0,0,0,0,0,0,0,0,0,0,0,0
"321",73,"2013-05-15 10:45","2013-05-15 08:50",3,55,"2013-05-10 23:51","E","MOW","PAR","2013-05-28 18:35","2013-05-28 12:45",3,50,"2013-05-10 23:51","E","MOW","PAR",0,0,2,2,4,25512,0,0,6,1,0,0,1,0,0,0,0,0,0,0,0,0,0,0,0,0,0
"322",73,"2013-05-15 10:45","2013-05-15 08:50",3,55,"2013-05-10 23:51","E","MOW","PAR","2013-05-28 21:25","2013-05-28 15:55",3,30,"2013-05-10 23:51","E","MOW","PAR",0,0,2,2,4,25512,0,0,6,1,0,0,1,0,0,0,0,0,0,0,0,0,0,0,0,0,0
"323",73,"2013-05-15 10:45","2013-05-15 08:50",3,55,"2013-05-10 23:51","E","MOW","PAR","2013-05-29 05:00","2013-05-28 23:25",3,35,"2013-05-10 23:51","E","MOW","PAR",0,0,2,2,4,25512,0,0,6,1,0,0,1,0,0,0,0,0,0,0,0,0,0,0,0,0,0
"324",73,"2013-05-15 20:55","2013-05-15 18:55",4,0,"2013-05-10 23:51","E","MOW","PAR","2013-05-28 15:15","2013-05-28 09:35",3,40,"2013-05-10 23:51","E","MOW","PAR",0,0,2,2,4,25512,0,0,6,1,0,0,1,0,0,0,0,0,0,0,0,0,0,0,0,0,0
"325",73,"2013-05-15 20:55","2013-05-15 18:55",4,0,"2013-05-10 23:51","E","MOW","PAR","2013-05-28 18:35","2013-05-28 12:45",3,50,"2013-05-10 23:51","E","MOW","PAR",0,0,2,2,4,25512,0,0,6,1,0,0,1,0,0,0,0,0,0,0,0,0,0,0,0,0,0
"326",73,"2013-05-15 20:55","2013-05-15 18:55",4,0,"2013-05-10 23:51","E","MOW","PAR","2013-05-28 21:25","2013-05-28 15:55",3,30,"2013-05-10 23:51","E","MOW","PAR",0,0,2,2,4,25512,0,0,6,1,0,0,1,0,0,0,0,0,0,0,0,0,0,0,0,0,0
"327",73,"2013-05-15 20:55","2013-05-15 18:55",4,0,"2013-05-10 23:51","E","MOW","PAR","2013-05-29 05:00","2013-05-28 23:25",3,35,"2013-05-10 23:51","E","MOW","PAR",0,0,2,2,4,25512,0,0,6,1,0,0,1,0,0,0,0,0,0,0,0,0,0,0,0,0,0
"328",74,"2013-05-15 20:55","2013-05-15 18:55",4,0,"2013-05-10 23:51","E","MOW","PAR","2013-05-28 23:45","2013-05-28 18:10",3,35,"2013-05-10 23:51","E","MOW","PAR",0,0,1,1,2,25659,0,0,3,1,0,0,0,0,0,0,0,0,0,0,0,0,0,0,0,0,0
"329",74,"2013-05-15 20:55","2013-05-15 18:55",4,0,"2013-05-10 23:51","E","MOW","PAR","2013-05-29 05:00","2013-05-28 23:25",3,35,"2013-05-10 23:51","E","MOW","PAR",0,0,1,1,2,25659,0,0,3,1,0,0,0,0,0,0,0,0,0,0,0,0,0,0,0,0,0
"330",75,"2013-05-15 09:20","2013-05-15 07:25",3,55,"2013-05-10 23:51","E","MOW","PAR","2013-05-28 17:20","2013-05-28 11:45",3,35,"2013-05-10 23:51","E","MOW","PAR",0,0,2,5,1,25882,0,0,6,1,0,0,1,0,0,0,0,0,0,0,0,0,0,0,0,0,0
"331",75,"2013-05-15 10:45","2013-05-15 08:50",3,55,"2013-05-10 23:51","E","MOW","PAR","2013-05-28 17:20","2013-05-28 11:45",3,35,"2013-05-10 23:51","E","MOW","PAR",0,0,2,5,1,25882,0,0,6,1,0,0,1,0,0,0,0,0,0,0,0,0,0,0,0,0,0
"332",75,"2013-05-15 11:40","2013-05-15 09:45",3,55,"2013-05-10 23:51","E","MOW","PAR","2013-05-28 17:20","2013-05-28 11:45",3,35,"2013-05-10 23:51","E","MOW","PAR",0,0,2,5,1,25882,0,0,6,1,0,0,1,0,0,0,0,0,0,0,0,0,0,0,0,0,0
"333",75,"2013-05-15 18:10","2013-05-15 16:15",3,55,"2013-05-10 23:51","E","MOW","PAR","2013-05-28 17:20","2013-05-28 11:45",3,35,"2013-05-10 23:51","E","MOW","PAR",0,0,2,5,1,25882,0,0,6,1,0,0,1,0,0,0,0,0,0,0,0,0,0,0,0,0,0
"334",75,"2013-05-15 21:40","2013-05-15 19:45",3,55,"2013-05-10 23:51","E","MOW","PAR","2013-05-28 17:20","2013-05-28 11:45",3,35,"2013-05-10 23:51","E","MOW","PAR",0,0,2,5,1,25882,0,0,6,1,0,0,1,0,0,0,0,0,0,0,0,0,0,0,0,0,0
"335",76,"2013-05-15 13:10","2013-05-15 11:10",4,0,"2013-05-10 23:51","E","MOW","PAR","2013-05-28 15:15","2013-05-28 09:35",3,40,"2013-05-10 23:51","E","MOW","PAR",0,0,2,4,3,26304,0,0,7,1,0,0,1,0,0,0,0,0,0,0,0,0,0,0,0,0,0
"336",76,"2013-05-15 13:10","2013-05-15 11:10",4,0,"2013-05-10 23:51","E","MOW","PAR","2013-05-28 19:30","2013-05-28 14:00",3,30,"2013-05-10 23:51","E","MOW","PAR",0,0,2,4,3,26304,0,0,7,1,0,0,1,0,0,0,0,0,0,0,0,0,0,0,0,0,0
"337",76,"2013-05-15 13:10","2013-05-15 11:10",4,0,"2013-05-10 23:51","E","MOW","PAR","2013-05-28 21:25","2013-05-28 15:55",3,30,"2013-05-10 23:51","E","MOW","PAR",0,0,2,4,3,26304,0,0,7,1,0,0,1,0,0,0,0,0,0,0,0,0,0,0,0,0,0
"338",76,"2013-05-15 14:35","2013-05-15 12:40",3,55,"2013-05-10 23:51","E","MOW","PAR","2013-05-28 15:15","2013-05-28 09:35",3,40,"2013-05-10 23:51","E","MOW","PAR",0,0,2,4,3,26304,0,0,7,1,0,0,1,0,0,0,0,0,0,0,0,0,0,0,0,0,0
"339",76,"2013-05-15 14:35","2013-05-15 12:40",3,55,"2013-05-10 23:51","E","MOW","PAR","2013-05-28 19:30","2013-05-28 14:00",3,30,"2013-05-10 23:51","E","MOW","PAR",0,0,2,4,3,26304,0,0,7,1,0,0,1,0,0,0,0,0,0,0,0,0,0,0,0,0,0
"340",76,"2013-05-15 14:35","2013-05-15 12:40",3,55,"2013-05-10 23:51","E","MOW","PAR","2013-05-28 21:25","2013-05-28 15:55",3,30,"2013-05-10 23:51","E","MOW","PAR",0,0,2,4,3,26304,0,0,7,1,0,0,1,0,0,0,0,0,0,0,0,0,0,0,0,0,0
"341",76,"2013-05-15 16:05","2013-05-15 14:10",3,55,"2013-05-10 23:51","E","MOW","PAR","2013-05-28 15:15","2013-05-28 09:35",3,40,"2013-05-10 23:51","E","MOW","PAR",0,0,2,4,3,26304,0,0,7,1,0,0,1,0,0,0,0,0,0,0,0,0,0,0,0,0,0
"342",76,"2013-05-15 16:05","2013-05-15 14:10",3,55,"2013-05-10 23:51","E","MOW","PAR","2013-05-28 19:30","2013-05-28 14:00",3,30,"2013-05-10 23:51","E","MOW","PAR",0,0,2,4,3,26304,0,0,7,1,0,0,1,0,0,0,0,0,0,0,0,0,0,0,0,0,0
"343",76,"2013-05-15 16:05","2013-05-15 14:10",3,55,"2013-05-10 23:51","E","MOW","PAR","2013-05-28 21:25","2013-05-28 15:55",3,30,"2013-05-10 23:51","E","MOW","PAR",0,0,2,4,3,26304,0,0,7,1,0,0,1,0,0,0,0,0,0,0,0,0,0,0,0,0,0
"344",76,"2013-05-15 17:00","2013-05-15 15:05",3,55,"2013-05-10 23:51","E","MOW","PAR","2013-05-28 15:15","2013-05-28 09:35",3,40,"2013-05-10 23:51","E","MOW","PAR",0,0,2,4,3,26304,0,0,7,1,0,0,1,0,0,0,0,0,0,0,0,0,0,0,0,0,0
"345",76,"2013-05-15 17:00","2013-05-15 15:05",3,55,"2013-05-10 23:51","E","MOW","PAR","2013-05-28 19:30","2013-05-28 14:00",3,30,"2013-05-10 23:51","E","MOW","PAR",0,0,2,4,3,26304,0,0,7,1,0,0,1,0,0,0,0,0,0,0,0,0,0,0,0,0,0
"346",76,"2013-05-15 17:00","2013-05-15 15:05",3,55,"2013-05-10 23:51","E","MOW","PAR","2013-05-28 21:25","2013-05-28 15:55",3,30,"2013-05-10 23:51","E","MOW","PAR",0,0,2,4,3,26304,0,0,7,1,0,0,1,0,0,0,0,0,0,0,0,0,0,0,0,0,0
"347",77,"2013-05-15 13:10","2013-05-15 11:10",4,0,"2013-05-10 23:51","E","MOW","PAR","2013-05-28 21:40","2013-05-28 16:00",3,40,"2013-05-10 23:51","E","MOW","PAR",0,0,2,1,1,26321,0,0,2,1,0,0,1,0,0,0,0,0,0,0,0,0,0,0,0,0,0
"348",78,"2013-05-15 10:45","2013-05-15 08:50",3,55,"2013-05-10 23:51","E","MOW","PAR","2013-05-28 17:20","2013-05-28 11:45",3,35,"2013-05-10 23:51","E","MOW","PAR",0,0,1,2,3,26321,0,0,5,1,0,0,0,0,0,0,0,0,0,0,0,0,0,0,0,0,0
"349",78,"2013-05-15 10:45","2013-05-15 08:50",3,55,"2013-05-10 23:51","E","MOW","PAR","2013-05-28 19:30","2013-05-28 14:00",3,30,"2013-05-10 23:51","E","MOW","PAR",0,0,1,2,3,26321,0,0,5,1,0,0,0,0,0,0,0,0,0,0,0,0,0,0,0,0,0
"350",78,"2013-05-15 10:45","2013-05-15 08:50",3,55,"2013-05-10 23:51","E","MOW","PAR","2013-05-28 23:45","2013-05-28 18:10",3,35,"2013-05-10 23:51","E","MOW","PAR",0,0,1,2,3,26321,0,0,5,1,0,0,0,0,0,0,0,0,0,0,0,0,0,0,0,0,0
"351",78,"2013-05-15 20:55","2013-05-15 18:55",4,0,"2013-05-10 23:51","E","MOW","PAR","2013-05-28 17:20","2013-05-28 11:45",3,35,"2013-05-10 23:51","E","MOW","PAR",0,0,1,2,3,26321,0,0,5,1,0,0,0,0,0,0,0,0,0,0,0,0,0,0,0,0,0
"352",78,"2013-05-15 20:55","2013-05-15 18:55",4,0,"2013-05-10 23:51","E","MOW","PAR","2013-05-28 19:30","2013-05-28 14:00",3,30,"2013-05-10 23:51","E","MOW","PAR",0,0,1,2,3,26321,0,0,5,1,0,0,0,0,0,0,0,0,0,0,0,0,0,0,0,0,0
"353",78,"2013-05-15 20:55","2013-05-15 18:55",4,0,"2013-05-10 23:51","E","MOW","PAR","2013-05-28 23:45","2013-05-28 18:10",3,35,"2013-05-10 23:51","E","MOW","PAR",0,0,1,2,3,26321,0,0,5,1,0,0,0,0,0,0,0,0,0,0,0,0,0,0,0,0,0
"354",79,"2013-05-15 21:35","2013-05-15 17:10",6,25,"2013-05-10 23:51","E","MOW","PAR","2013-05-28 21:30","2013-05-28 12:20",7,10,"2013-05-10 23:51","E","MOW","PAR",1,1,2,1,1,26619,1,1,2,1,0,0,0,0,0,0,1,0,0,0,0,0,0,0,0,0,0
"355",80,"2013-05-15 09:20","2013-05-15 07:25",3,55,"2013-05-10 23:51","E","MOW","PAR","2013-05-28 15:15","2013-05-28 09:35",3,40,"2013-05-10 23:51","E","MOW","PAR",0,0,2,5,3,27604,0,0,8,1,0,0,1,0,0,0,0,0,0,0,0,0,0,0,0,0,0
"356",80,"2013-05-15 09:20","2013-05-15 07:25",3,55,"2013-05-10 23:51","E","MOW","PAR","2013-05-28 19:30","2013-05-28 14:00",3,30,"2013-05-10 23:51","E","MOW","PAR",0,0,2,5,3,27604,0,0,8,1,0,0,1,0,0,0,0,0,0,0,0,0,0,0,0,0,0
"357",80,"2013-05-15 09:20","2013-05-15 07:25",3,55,"2013-05-10 23:51","E","MOW","PAR","2013-05-28 21:25","2013-05-28 15:55",3,30,"2013-05-10 23:51","E","MOW","PAR",0,0,2,5,3,27604,0,0,8,1,0,0,1,0,0,0,0,0,0,0,0,0,0,0,0,0,0
"358",80,"2013-05-15 10:45","2013-05-15 08:50",3,55,"2013-05-10 23:51","E","MOW","PAR","2013-05-28 15:15","2013-05-28 09:35",3,40,"2013-05-10 23:51","E","MOW","PAR",0,0,2,5,3,27604,0,0,8,1,0,0,1,0,0,0,0,0,0,0,0,0,0,0,0,0,0
"359",80,"2013-05-15 10:45","2013-05-15 08:50",3,55,"2013-05-10 23:51","E","MOW","PAR","2013-05-28 19:30","2013-05-28 14:00",3,30,"2013-05-10 23:51","E","MOW","PAR",0,0,2,5,3,27604,0,0,8,1,0,0,1,0,0,0,0,0,0,0,0,0,0,0,0,0,0
"360",80,"2013-05-15 10:45","2013-05-15 08:50",3,55,"2013-05-10 23:51","E","MOW","PAR","2013-05-28 21:25","2013-05-28 15:55",3,30,"2013-05-10 23:51","E","MOW","PAR",0,0,2,5,3,27604,0,0,8,1,0,0,1,0,0,0,0,0,0,0,0,0,0,0,0,0,0
"361",80,"2013-05-15 11:40","2013-05-15 09:45",3,55,"2013-05-10 23:51","E","MOW","PAR","2013-05-28 15:15","2013-05-28 09:35",3,40,"2013-05-10 23:51","E","MOW","PAR",0,0,2,5,3,27604,0,0,8,1,0,0,1,0,0,0,0,0,0,0,0,0,0,0,0,0,0
"362",80,"2013-05-15 11:40","2013-05-15 09:45",3,55,"2013-05-10 23:51","E","MOW","PAR","2013-05-28 19:30","2013-05-28 14:00",3,30,"2013-05-10 23:51","E","MOW","PAR",0,0,2,5,3,27604,0,0,8,1,0,0,1,0,0,0,0,0,0,0,0,0,0,0,0,0,0
"363",80,"2013-05-15 11:40","2013-05-15 09:45",3,55,"2013-05-10 23:51","E","MOW","PAR","2013-05-28 21:25","2013-05-28 15:55",3,30,"2013-05-10 23:51","E","MOW","PAR",0,0,2,5,3,27604,0,0,8,1,0,0,1,0,0,0,0,0,0,0,0,0,0,0,0,0,0
"364",80,"2013-05-15 18:10","2013-05-15 16:15",3,55,"2013-05-10 23:51","E","MOW","PAR","2013-05-28 15:15","2013-05-28 09:35",3,40,"2013-05-10 23:51","E","MOW","PAR",0,0,2,5,3,27604,0,0,8,1,0,0,1,0,0,0,0,0,0,0,0,0,0,0,0,0,0
"365",80,"2013-05-15 18:10","2013-05-15 16:15",3,55,"2013-05-10 23:51","E","MOW","PAR","2013-05-28 19:30","2013-05-28 14:00",3,30,"2013-05-10 23:51","E","MOW","PAR",0,0,2,5,3,27604,0,0,8,1,0,0,1,0,0,0,0,0,0,0,0,0,0,0,0,0,0
"366",80,"2013-05-15 18:10","2013-05-15 16:15",3,55,"2013-05-10 23:51","E","MOW","PAR","2013-05-28 21:25","2013-05-28 15:55",3,30,"2013-05-10 23:51","E","MOW","PAR",0,0,2,5,3,27604,0,0,8,1,0,0,1,0,0,0,0,0,0,0,0,0,0,0,0,0,0
"367",80,"2013-05-15 21:40","2013-05-15 19:45",3,55,"2013-05-10 23:51","E","MOW","PAR","2013-05-28 15:15","2013-05-28 09:35",3,40,"2013-05-10 23:51","E","MOW","PAR",0,0,2,5,3,27604,0,0,8,1,0,0,1,0,0,0,0,0,0,0,0,0,0,0,0,0,0
"368",80,"2013-05-15 21:40","2013-05-15 19:45",3,55,"2013-05-10 23:51","E","MOW","PAR","2013-05-28 19:30","2013-05-28 14:00",3,30,"2013-05-10 23:51","E","MOW","PAR",0,0,2,5,3,27604,0,0,8,1,0,0,1,0,0,0,0,0,0,0,0,0,0,0,0,0,0
"369",80,"2013-05-15 21:40","2013-05-15 19:45",3,55,"2013-05-10 23:51","E","MOW","PAR","2013-05-28 21:25","2013-05-28 15:55",3,30,"2013-05-10 23:51","E","MOW","PAR",0,0,2,5,3,27604,0,0,8,1,0,0,1,0,0,0,0,0,0,0,0,0,0,0,0,0,0
"370",81,"2013-05-15 20:55","2013-05-15 18:55",4,0,"2013-05-10 23:51","E","MOW","PAR","2013-05-28 17:20","2013-05-28 11:45",3,35,"2013-05-10 23:51","E","MOW","PAR",0,0,1,1,1,27604,0,0,2,1,0,0,0,0,0,0,0,0,0,0,0,0,0,0,0,0,0
"371",82,"2013-05-15 21:40","2013-05-15 19:45",3,55,"2013-05-10 23:51","E","MOW","PAR","2013-05-28 21:40","2013-05-28 16:00",3,40,"2013-05-10 23:51","E","MOW","PAR",0,0,1,1,1,27940,0,0,2,0,0,0,1,0,0,0,0,0,0,0,0,0,0,0,0,0,0
"372",83,"2013-05-15 10:45","2013-05-15 08:50",3,55,"2013-05-10 23:51","E","MOW","PAR","2013-05-28 13:10","2013-05-28 07:30",3,40,"2013-05-10 23:51","E","MOW","PAR",0,0,2,2,2,27940,0,0,4,1,0,0,1,0,0,0,0,0,0,0,0,0,0,0,0,0,0
"373",83,"2013-05-15 10:45","2013-05-15 08:50",3,55,"2013-05-10 23:51","E","MOW","PAR","2013-05-29 01:10","2013-05-28 19:30",3,40,"2013-05-10 23:51","E","MOW","PAR",0,0,2,2,2,27940,0,0,4,1,0,0,1,0,0,0,0,0,0,0,0,0,0,0,0,0,0
"374",83,"2013-05-15 20:55","2013-05-15 18:55",4,0,"2013-05-10 23:51","E","MOW","PAR","2013-05-28 13:10","2013-05-28 07:30",3,40,"2013-05-10 23:51","E","MOW","PAR",0,0,2,2,2,27940,0,0,4,1,0,0,1,0,0,0,0,0,0,0,0,0,0,0,0,0,0
"375",83,"2013-05-15 20:55","2013-05-15 18:55",4,0,"2013-05-10 23:51","E","MOW","PAR","2013-05-29 01:10","2013-05-28 19:30",3,40,"2013-05-10 23:51","E","MOW","PAR",0,0,2,2,2,27940,0,0,4,1,0,0,1,0,0,0,0,0,0,0,0,0,0,0,0,0,0
"376",84,"2013-05-15 12:40","2013-05-15 10:35",4,5,"2013-05-10 23:51","E","MOW","PAR","2013-05-28 15:00","2013-05-28 09:20",3,40,"2013-05-10 23:51","E","MOW","PAR",0,0,2,1,2,28261,0,0,3,0,1,0,0,0,0,0,0,0,0,0,0,0,0,0,1,0,0
"377",84,"2013-05-15 12:40","2013-05-15 10:35",4,5,"2013-05-10 23:51","E","MOW","PAR","2013-05-28 21:30","2013-05-28 15:30",4,0,"2013-05-10 23:51","E","MOW","PAR",0,0,2,1,2,28261,0,0,3,0,1,0,0,0,0,0,0,0,0,0,0,0,0,0,1,0,0
"378",85,"2013-05-15 20:55","2013-05-15 18:55",4,0,"2013-05-10 23:51","E","MOW","PAR","2013-05-28 15:15","2013-05-28 09:35",3,40,"2013-05-10 23:51","E","MOW","PAR",0,0,2,1,3,29326,0,0,4,1,0,0,1,0,0,0,0,0,0,0,0,0,0,0,0,0,0
"379",85,"2013-05-15 20:55","2013-05-15 18:55",4,0,"2013-05-10 23:51","E","MOW","PAR","2013-05-28 19:30","2013-05-28 14:00",3,30,"2013-05-10 23:51","E","MOW","PAR",0,0,2,1,3,29326,0,0,4,1,0,0,1,0,0,0,0,0,0,0,0,0,0,0,0,0,0
"380",85,"2013-05-15 20:55","2013-05-15 18:55",4,0,"2013-05-10 23:51","E","MOW","PAR","2013-05-28 21:25","2013-05-28 15:55",3,30,"2013-05-10 23:51","E","MOW","PAR",0,0,2,1,3,29326,0,0,4,1,0,0,1,0,0,0,0,0,0,0,0,0,0,0,0,0,0
"381",86,"2013-05-15 12:40","2013-05-15 10:35",4,5,"2013-05-10 23:51","E","MOW","PAR","2013-05-28 15:00","2013-05-28 09:20",3,40,"2013-05-10 23:51","E","MOW","PAR",0,0,2,1,2,30259,0,0,3,0,1,0,0,0,0,0,0,0,0,0,0,0,0,0,1,0,0
"382",86,"2013-05-15 12:40","2013-05-15 10:35",4,5,"2013-05-10 23:51","E","MOW","PAR","2013-05-28 21:30","2013-05-28 15:30",4,0,"2013-05-10 23:51","E","MOW","PAR",0,0,2,1,2,30259,0,0,3,0,1,0,0,0,0,0,0,0,0,0,0,0,0,0,1,0,0
"383",87,"2013-05-15 10:45","2013-05-15 08:50",3,55,"2013-05-10 23:51","E","MOW","PAR","2013-05-28 21:40","2013-05-28 16:00",3,40,"2013-05-10 23:51","E","MOW","PAR",0,0,2,2,1,31177,0,0,3,1,0,0,1,0,0,0,0,0,0,0,0,0,0,0,0,0,0
"384",87,"2013-05-15 20:55","2013-05-15 18:55",4,0,"2013-05-10 23:51","E","MOW","PAR","2013-05-28 21:40","2013-05-28 16:00",3,40,"2013-05-10 23:51","E","MOW","PAR",0,0,2,2,1,31177,0,0,3,1,0,0,1,0,0,0,0,0,0,0,0,0,0,0,0,0,0
"385",88,"2013-05-15 09:20","2013-05-15 07:25",3,55,"2013-05-10 23:51","E","MOW","PAR","2013-05-28 21:30","2013-05-28 15:30",4,0,"2013-05-10 23:51","E","MOW","PAR",0,0,3,10,1,60293,0,0,11,1,0,0,1,0,0,0,0,0,0,0,0,0,0,0,1,0,0
"386",88,"2013-05-15 10:45","2013-05-15 08:50",3,55,"2013-05-10 23:51","E","MOW","PAR","2013-05-28 21:30","2013-05-28 15:30",4,0,"2013-05-10 23:51","E","MOW","PAR",0,0,3,10,1,60293,0,0,11,1,0,0,1,0,0,0,0,0,0,0,0,0,0,0,1,0,0
"387",88,"2013-05-15 11:40","2013-05-15 09:45",3,55,"2013-05-10 23:51","E","MOW","PAR","2013-05-28 21:30","2013-05-28 15:30",4,0,"2013-05-10 23:51","E","MOW","PAR",0,0,3,10,1,60293,0,0,11,1,0,0,1,0,0,0,0,0,0,0,0,0,0,0,1,0,0
"388",88,"2013-05-15 13:10","2013-05-15 11:10",4,0,"2013-05-10 23:51","E","MOW","PAR","2013-05-28 21:30","2013-05-28 15:30",4,0,"2013-05-10 23:51","E","MOW","PAR",0,0,3,10,1,60293,0,0,11,1,0,0,1,0,0,0,0,0,0,0,0,0,0,0,1,0,0
"389",88,"2013-05-15 14:35","2013-05-15 12:40",3,55,"2013-05-10 23:51","E","MOW","PAR","2013-05-28 21:30","2013-05-28 15:30",4,0,"2013-05-10 23:51","E","MOW","PAR",0,0,3,10,1,60293,0,0,11,1,0,0,1,0,0,0,0,0,0,0,0,0,0,0,1,0,0
"390",88,"2013-05-15 16:05","2013-05-15 14:10",3,55,"2013-05-10 23:51","E","MOW","PAR","2013-05-28 21:30","2013-05-28 15:30",4,0,"2013-05-10 23:51","E","MOW","PAR",0,0,3,10,1,60293,0,0,11,1,0,0,1,0,0,0,0,0,0,0,0,0,0,0,1,0,0
"391",88,"2013-05-15 17:00","2013-05-15 15:05",3,55,"2013-05-10 23:51","E","MOW","PAR","2013-05-28 21:30","2013-05-28 15:30",4,0,"2013-05-10 23:51","E","MOW","PAR",0,0,3,10,1,60293,0,0,11,1,0,0,1,0,0,0,0,0,0,0,0,0,0,0,1,0,0
"392",88,"2013-05-15 18:10","2013-05-15 16:15",3,55,"2013-05-10 23:51","E","MOW","PAR","2013-05-28 21:30","2013-05-28 15:30",4,0,"2013-05-10 23:51","E","MOW","PAR",0,0,3,10,1,60293,0,0,11,1,0,0,1,0,0,0,0,0,0,0,0,0,0,0,1,0,0
"393",88,"2013-05-15 20:55","2013-05-15 18:55",4,0,"2013-05-10 23:51","E","MOW","PAR","2013-05-28 21:30","2013-05-28 15:30",4,0,"2013-05-10 23:51","E","MOW","PAR",0,0,3,10,1,60293,0,0,11,1,0,0,1,0,0,0,0,0,0,0,0,0,0,0,1,0,0
"394",88,"2013-05-15 21:40","2013-05-15 19:45",3,55,"2013-05-10 23:51","E","MOW","PAR","2013-05-28 21:30","2013-05-28 15:30",4,0,"2013-05-10 23:51","E","MOW","PAR",0,0,3,10,1,60293,0,0,11,1,0,0,1,0,0,0,0,0,0,0,0,0,0,0,1,0,0
"395",89,"2013-05-15 12:40","2013-05-15 10:35",4,5,"2013-05-10 23:51","E","MOW","PAR","2013-05-28 13:10","2013-05-28 07:30",3,40,"2013-05-10 23:51","E","MOW","PAR",0,0,3,1,10,60393,0,0,11,1,0,0,1,0,0,0,0,0,0,0,0,0,0,0,1,0,0
"396",89,"2013-05-15 12:40","2013-05-15 10:35",4,5,"2013-05-10 23:51","E","MOW","PAR","2013-05-28 15:15","2013-05-28 09:35",3,40,"2013-05-10 23:51","E","MOW","PAR",0,0,3,1,10,60393,0,0,11,1,0,0,1,0,0,0,0,0,0,0,0,0,0,0,1,0,0
"397",89,"2013-05-15 12:40","2013-05-15 10:35",4,5,"2013-05-10 23:51","E","MOW","PAR","2013-05-28 17:20","2013-05-28 11:45",3,35,"2013-05-10 23:51","E","MOW","PAR",0,0,3,1,10,60393,0,0,11,1,0,0,1,0,0,0,0,0,0,0,0,0,0,0,1,0,0
"398",89,"2013-05-15 12:40","2013-05-15 10:35",4,5,"2013-05-10 23:51","E","MOW","PAR","2013-05-28 18:35","2013-05-28 12:45",3,50,"2013-05-10 23:51","E","MOW","PAR",0,0,3,1,10,60393,0,0,11,1,0,0,1,0,0,0,0,0,0,0,0,0,0,0,1,0,0
"399",89,"2013-05-15 12:40","2013-05-15 10:35",4,5,"2013-05-10 23:51","E","MOW","PAR","2013-05-28 19:30","2013-05-28 14:00",3,30,"2013-05-10 23:51","E","MOW","PAR",0,0,3,1,10,60393,0,0,11,1,0,0,1,0,0,0,0,0,0,0,0,0,0,0,1,0,0
"400",89,"2013-05-15 12:40","2013-05-15 10:35",4,5,"2013-05-10 23:51","E","MOW","PAR","2013-05-28 21:25","2013-05-28 15:55",3,30,"2013-05-10 23:51","E","MOW","PAR",0,0,3,1,10,60393,0,0,11,1,0,0,1,0,0,0,0,0,0,0,0,0,0,0,1,0,0
"401",89,"2013-05-15 12:40","2013-05-15 10:35",4,5,"2013-05-10 23:51","E","MOW","PAR","2013-05-28 21:40","2013-05-28 16:00",3,40,"2013-05-10 23:51","E","MOW","PAR",0,0,3,1,10,60393,0,0,11,1,0,0,1,0,0,0,0,0,0,0,0,0,0,0,1,0,0
"402",89,"2013-05-15 12:40","2013-05-15 10:35",4,5,"2013-05-10 23:51","E","MOW","PAR","2013-05-28 23:45","2013-05-28 18:10",3,35,"2013-05-10 23:51","E","MOW","PAR",0,0,3,1,10,60393,0,0,11,1,0,0,1,0,0,0,0,0,0,0,0,0,0,0,1,0,0
"403",89,"2013-05-15 12:40","2013-05-15 10:35",4,5,"2013-05-10 23:51","E","MOW","PAR","2013-05-29 01:10","2013-05-28 19:30",3,40,"2013-05-10 23:51","E","MOW","PAR",0,0,3,1,10,60393,0,0,11,1,0,0,1,0,0,0,0,0,0,0,0,0,0,0,1,0,0
"404",89,"2013-05-15 12:40","2013-05-15 10:35",4,5,"2013-05-10 23:51","E","MOW","PAR","2013-05-29 05:00","2013-05-28 23:25",3,35,"2013-05-10 23:51","E","MOW","PAR",0,0,3,1,10,60393,0,0,11,1,0,0,1,0,0,0,0,0,0,0,0,0,0,0,1,0,0
