,arr_time,dep_time,dur_hours,dur_minutes,parse_time,fl_class,fl_from,fl_to
0,2013-05-15 12:10,2013-05-15 07:25,6,45,2013-05-10 23:51,E,MOW,PAR
1,2013-05-28 15:45,2013-05-28 07:35,6,10,2013-05-10 23:51,E,MOW,PAR
2,2013-05-28 23:20,2013-05-28 13:20,8,0,2013-05-10 23:51,E,MOW,PAR
3,2013-05-15 12:10,2013-05-15 07:35,6,35,2013-05-10 23:51,E,MOW,PAR
4,2013-05-28 15:45,2013-05-28 07:35,6,10,2013-05-10 23:51,E,MOW,PAR
5,2013-05-28 23:20,2013-05-28 13:20,8,0,2013-05-10 23:51,E,MOW,PAR
6,2013-05-15 12:10,2013-05-15 07:25,6,45,2013-05-10 23:51,E,MOW,PAR
7,2013-05-28 21:30,2013-05-28 12:45,6,45,2013-05-10 23:51,E,MOW,PAR
8,2013-05-28 21:30,2013-05-28 13:20,6,10,2013-05-10 23:51,E,MOW,PAR
9,2013-05-15 11:40,2013-05-15 07:00,6,40,2013-05-10 23:51,E,MOW,PAR
10,2013-05-28 21:30,2013-05-28 12:40,6,50,2013-05-10 23:51,E,MOW,PAR
11,2013-05-28 22:30,2013-05-28 12:40,7,50,2013-05-10 23:51,E,MOW,PAR
12,2013-05-15 19:35,2013-05-15 12:25,9,10,2013-05-10 23:51,E,MOW,PAR
13,2013-05-15 22:20,2013-05-15 16:30,7,50,2013-05-10 23:51,E,MOW,PAR
14,2013-05-28 21:40,2013-05-28 13:25,6,15,2013-05-10 23:51,E,MOW,PAR
15,2013-05-15 21:55,2013-05-15 18:35,5,20,2013-05-10 23:51,E,MOW,PAR
16,2013-05-29 02:20,2013-05-28 18:45,5,35,2013-05-10 23:51,E,MOW,PAR
17,2013-05-15 21:55,2013-05-15 18:35,5,20,2013-05-10 23:51,E,MOW,PAR
18,2013-05-28 17:30,2013-05-28 09:20,6,10,2013-05-10 23:51,E,MOW,PAR
19,2013-05-15 12:10,2013-05-15 07:35,6,35,2013-05-10 23:51,E,MOW,PAR
20,2013-05-28 21:30,2013-05-28 12:45,6,45,2013-05-10 23:51,E,MOW,PAR
21,2013-05-28 21:30,2013-05-28 13:20,6,10,2013-05-10 23:51,E,MOW,PAR
22,2013-05-15 21:55,2013-05-15 18:35,5,20,2013-05-10 23:51,E,MOW,PAR
23,2013-05-28 18:25,2013-05-28 09:20,7,5,2013-05-10 23:51,E,MOW,PAR
24,2013-05-28 18:25,2013-05-28 10:50,5,35,2013-05-10 23:51,E,MOW,PAR
25,2013-05-29 01:55,2013-05-28 17:55,6,0,2013-05-10 23:51,E,MOW,PAR
26,2013-05-15 21:55,2013-05-15 18:35,5,20,2013-05-10 23:51,E,MOW,PAR
27,2013-05-28 14:35,2013-05-28 07:00,5,35,2013-05-10 23:51,E,MOW,PAR
28,2013-05-29 02:25,2013-05-28 18:30,5,55,2013-05-10 23:51,E,MOW,PAR
29,2013-05-15 13:15,2013-05-15 06:35,8,40,2013-05-10 23:51,E,MOW,PAR
30,2013-05-15 10:10,2013-05-15 06:35,5,35,2013-05-10 23:51,E,MOW,PAR
31,2013-05-15 11:40,2013-05-15 06:35,7,5,2013-05-10 23:51,E,MOW,PAR
32,2013-05-15 21:40,2013-05-15 18:00,5,40,2013-05-10 23:51,E,MOW,PAR
33,2013-05-29 02:20,2013-05-28 18:45,5,35,2013-05-10 23:51,E,MOW,PAR
34,2013-05-15 09:00,2013-05-15 05:30,5,30,2013-05-10 23:51,E,MOW,PAR
35,2013-05-15 19:35,2013-05-15 16:00,5,35,2013-05-10 23:51,E,MOW,PAR
36,2013-05-28 21:40,2013-05-28 13:25,6,15,2013-05-10 23:51,E,MOW,PAR
37,2013-05-15 19:35,2013-05-15 12:25,9,10,2013-05-10 23:51,E,MOW,PAR
38,2013-05-15 22:20,2013-05-15 16:30,7,50,2013-05-10 23:51,E,MOW,PAR
39,2013-05-28 15:35,2013-05-28 07:25,6,10,2013-05-10 23:51,E,MOW,PAR
40,2013-05-29 04:05,2013-05-28 18:10,7,55,2013-05-10 23:51,E,MOW,PAR
41,2013-05-29 04:05,2013-05-28 20:20,5,45,2013-05-10 23:51,E,MOW,PAR
42,2013-05-15 22:15,2013-05-15 18:15,6,0,2013-05-10 23:51,E,MOW,PAR
43,2013-05-28 17:30,2013-05-28 09:20,6,10,2013-05-10 23:51,E,MOW,PAR
44,2013-05-15 13:15,2013-05-15 06:35,8,40,2013-05-10 23:51,E,MOW,PAR
45,2013-05-15 10:10,2013-05-15 06:35,5,35,2013-05-10 23:51,E,MOW,PAR
46,2013-05-15 11:40,2013-05-15 06:35,7,5,2013-05-10 23:51,E,MOW,PAR
47,2013-05-15 21:40,2013-05-15 18:00,5,40,2013-05-10 23:51,E,MOW,PAR
48,2013-05-28 17:30,2013-05-28 09:20,6,10,2013-05-10 23:51,E,MOW,PAR
49,2013-05-15 22:15,2013-05-15 18:15,6,0,2013-05-10 23:51,E,MOW,PAR
50,2013-05-28 18:25,2013-05-28 09:20,7,5,2013-05-10 23:51,E,MOW,PAR
51,2013-05-28 18:25,2013-05-28 10:50,5,35,2013-05-10 23:51,E,MOW,PAR
52,2013-05-29 01:55,2013-05-28 17:55,6,0,2013-05-10 23:51,E,MOW,PAR
53,2013-05-15 19:15,2013-05-15 15:40,5,35,2013-05-10 23:51,E,MOW,PAR
54,2013-05-15 21:35,2013-05-15 15:40,7,55,2013-05-10 23:51,E,MOW,PAR
55,2013-05-28 20:05,2013-05-28 11:00,7,5,2013-05-10 23:51,E,MOW,PAR
56,2013-05-15 13:15,2013-05-15 06:35,8,40,2013-05-10 23:51,E,MOW,PAR
57,2013-05-15 10:10,2013-05-15 06:35,5,35,2013-05-10 23:51,E,MOW,PAR
58,2013-05-15 11:40,2013-05-15 06:35,7,5,2013-05-10 23:51,E,MOW,PAR
59,2013-05-15 21:40,2013-05-15 18:00,5,40,2013-05-10 23:51,E,MOW,PAR
60,2013-05-28 18:25,2013-05-28 09:20,7,5,2013-05-10 23:51,E,MOW,PAR
61,2013-05-28 18:25,2013-05-28 10:50,5,35,2013-05-10 23:51,E,MOW,PAR
62,2013-05-29 01:55,2013-05-28 17:55,6,0,2013-05-10 23:51,E,MOW,PAR
63,2013-05-15 19:15,2013-05-15 15:40,5,35,2013-05-10 23:51,E,MOW,PAR
64,2013-05-15 21:35,2013-05-15 15:40,7,55,2013-05-10 23:51,E,MOW,PAR
65,2013-05-28 14:50,2013-05-28 07:00,5,50,2013-05-10 23:51,E,MOW,PAR
66,2013-05-15 19:15,2013-05-15 15:40,5,35,2013-05-10 23:51,E,MOW,PAR
67,2013-05-15 21:35,2013-05-15 15:40,7,55,2013-05-10 23:51,E,MOW,PAR
68,2013-05-28 14:45,2013-05-28 06:10,6,35,2013-05-10 23:51,E,MOW,PAR
69,2013-05-15 21:55,2013-05-15 18:35,5,20,2013-05-10 23:51,E,MOW,PAR
70,2013-05-28 20:05,2013-05-28 11:00,7,5,2013-05-10 23:51,E,MOW,PAR
71,2013-05-15 22:20,2013-05-15 16:30,7,50,2013-05-10 23:51,E,MOW,PAR
72,2013-05-28 15:35,2013-05-28 07:25,6,10,2013-05-10 23:51,E,MOW,PAR
73,2013-05-28 21:40,2013-05-28 13:25,6,15,2013-05-10 23:51,E,MOW,PAR
74,2013-05-29 04:05,2013-05-28 20:20,5,45,2013-05-10 23:51,E,MOW,PAR
75,2013-05-15 21:55,2013-05-15 18:35,5,20,2013-05-10 23:51,E,MOW,PAR
76,2013-05-28 14:45,2013-05-28 06:10,6,35,2013-05-10 23:51,E,MOW,PAR
77,2013-05-15 13:15,2013-05-15 06:35,8,40,2013-05-10 23:51,E,MOW,PAR
78,2013-05-15 10:10,2013-05-15 06:35,5,35,2013-05-10 23:51,E,MOW,PAR
79,2013-05-15 11:40,2013-05-15 06:35,7,5,2013-05-10 23:51,E,MOW,PAR
80,2013-05-15 21:40,2013-05-15 18:00,5,40,2013-05-10 23:51,E,MOW,PAR
81,2013-05-28 14:35,2013-05-28 07:00,5,35,2013-05-10 23:51,E,MOW,PAR
82,2013-05-29 02:25,2013-05-28 18:30,5,55,2013-05-10 23:51,E,MOW,PAR
83,2013-05-15 19:35,2013-05-15 15:45,5,50,2013-05-10 23:51,E,MOW,PAR
84,2013-05-15 22:05,2013-05-15 15:45,8,20,2013-05-10 23:51,E,MOW,PAR
85,2013-05-28 17:30,2013-05-28 09:20,6,10,2013-05-10 23:51,E,MOW,PAR
86,2013-05-15 21:55,2013-05-15 18:35,5,20,2013-05-10 23:51,E,MOW,PAR
87,2013-05-28 14:50,2013-05-28 07:00,5,50,2013-05-10 23:51,E,MOW,PAR
88,2013-05-15 21:55,2013-05-15 18:35,5,20,2013-05-10 23:51,E,MOW,PAR
89,2013-05-28 17:55,2013-05-28 09:50,6,5,2013-05-10 23:51,E,MOW,PAR
90,2013-05-15 19:15,2013-05-15 15:40,5,35,2013-05-10 23:51,E,MOW,PAR
91,2013-05-15 21:35,2013-05-15 15:40,7,55,2013-05-10 23:51,E,MOW,PAR
92,2013-05-28 15:10,2013-05-28 07:15,5,55,2013-05-10 23:51,E,MOW,PAR
93,2013-05-28 16:35,2013-05-28 07:15,7,20,2013-05-10 23:51,E,MOW,PAR
94,2013-05-15 19:35,2013-05-15 16:00,5,35,2013-05-10 23:51,E,MOW,PAR
95,2013-05-28 15:35,2013-05-28 07:25,6,10,2013-05-10 23:51,E,MOW,PAR
96,2013-05-28 21:40,2013-05-28 13:25,6,15,2013-05-10 23:51,E,MOW,PAR
97,2013-05-29 04:05,2013-05-28 20:20,5,45,2013-05-10 23:51,E,MOW,PAR
98,2013-05-15 08:10,2013-05-15 04:55,5,15,2013-05-10 23:51,E,MOW,PAR
99,2013-05-28 15:45,2013-05-28 08:55,4,50,2013-05-10 23:51,E,MOW,PAR
100,2013-05-29 03:50,2013-05-28 21:00,4,50,2013-05-10 23:51,E,MOW,PAR
101,2013-05-15 09:25,2013-05-15 05:30,5,55,2013-05-10 23:51,E,MOW,PAR
102,2013-05-15 10:45,2013-05-15 05:30,7,15,2013-05-10 23:51,E,MOW,PAR
103,2013-05-15 12:00,2013-05-15 05:30,8,30,2013-05-10 23:51,E,MOW,PAR
104,2013-05-28 17:00,2013-05-28 08:45,6,15,2013-05-10 23:51,E,MOW,PAR
105,2013-05-28 18:15,2013-05-28 09:35,6,40,2013-05-10 23:51,E,MOW,PAR
106,2013-05-28 17:00,2013-05-28 09:35,5,25,2013-05-10 23:51,E,MOW,PAR
107,2013-05-28 18:15,2013-05-28 10:20,5,55,2013-05-10 23:51,E,MOW,PAR
108,2013-05-29 02:05,2013-05-28 16:40,7,25,2013-05-10 23:51,E,MOW,PAR
109,2013-05-29 02:05,2013-05-28 18:40,5,25,2013-05-10 23:51,E,MOW,PAR
110,2013-05-15 21:55,2013-05-15 18:35,5,20,2013-05-10 23:51,E,MOW,PAR
111,2013-05-28 15:10,2013-05-28 07:15,5,55,2013-05-10 23:51,E,MOW,PAR
112,2013-05-28 16:35,2013-05-28 07:15,7,20,2013-05-10 23:51,E,MOW,PAR
113,2013-05-15 19:35,2013-05-15 15:45,5,50,2013-05-10 23:51,E,MOW,PAR
114,2013-05-15 22:05,2013-05-15 15:45,8,20,2013-05-10 23:51,E,MOW,PAR
115,2013-05-28 14:45,2013-05-28 06:10,6,35,2013-05-10 23:51,E,MOW,PAR
116,2013-05-15 17:55,2013-05-15 11:40,8,15,2013-05-10 23:51,E,MOW,PAR
117,2013-05-28 21:30,2013-05-28 12:40,6,50,2013-05-10 23:51,E,MOW,PAR
118,2013-05-28 22:30,2013-05-28 12:40,7,50,2013-05-10 23:51,E,MOW,PAR
119,2013-05-15 19:35,2013-05-15 15:45,5,50,2013-05-10 23:51,E,MOW,PAR
120,2013-05-15 22:05,2013-05-15 15:45,8,20,2013-05-10 23:51,E,MOW,PAR
121,2013-05-28 20:05,2013-05-28 11:00,7,5,2013-05-10 23:51,E,MOW,PAR
122,2013-05-15 19:35,2013-05-15 15:45,5,50,2013-05-10 23:51,E,MOW,PAR
123,2013-05-15 22:05,2013-05-15 15:45,8,20,2013-05-10 23:51,E,MOW,PAR
124,2013-05-28 14:50,2013-05-28 07:00,5,50,2013-05-10 23:51,E,MOW,PAR
125,2013-05-15 19:35,2013-05-15 15:45,5,50,2013-05-10 23:51,E,MOW,PAR
126,2013-05-15 22:05,2013-05-15 15:45,8,20,2013-05-10 23:51,E,MOW,PAR
127,2013-05-28 14:45,2013-05-28 06:10,6,35,2013-05-10 23:51,E,MOW,PAR
128,2013-05-15 11:05,2013-05-15 05:50,7,15,2013-05-10 23:51,E,MOW,PAR
129,2013-05-15 23:25,2013-05-15 17:45,7,40,2013-05-10 23:51,E,MOW,PAR
130,2013-05-28 17:00,2013-05-28 08:45,6,15,2013-05-10 23:51,E,MOW,PAR
131,2013-05-28 18:15,2013-05-28 09:35,6,40,2013-05-10 23:51,E,MOW,PAR
132,2013-05-28 17:00,2013-05-28 09:35,5,25,2013-05-10 23:51,E,MOW,PAR
133,2013-05-28 18:15,2013-05-28 10:20,5,55,2013-05-10 23:51,E,MOW,PAR
134,2013-05-29 02:05,2013-05-28 16:40,7,25,2013-05-10 23:51,E,MOW,PAR
135,2013-05-29 02:05,2013-05-28 18:40,5,25,2013-05-10 23:51,E,MOW,PAR
136,2013-05-15 20:15,2013-05-15 16:30,5,45,2013-05-10 23:51,E,MOW,PAR
137,2013-05-28 15:45,2013-05-28 08:55,4,50,2013-05-10 23:51,E,MOW,PAR
138,2013-05-29 03:50,2013-05-28 21:00,4,50,2013-05-10 23:51,E,MOW,PAR
139,2013-05-15 09:25,2013-05-15 05:30,5,55,2013-05-10 23:51,E,MOW,PAR
140,2013-05-15 10:45,2013-05-15 05:30,7,15,2013-05-10 23:51,E,MOW,PAR
141,2013-05-28 17:00,2013-05-28 08:45,6,15,2013-05-10 23:51,E,MOW,PAR
142,2013-05-28 18:15,2013-05-28 09:35,6,40,2013-05-10 23:51,E,MOW,PAR
143,2013-05-28 17:00,2013-05-28 09:35,5,25,2013-05-10 23:51,E,MOW,PAR
144,2013-05-28 18:15,2013-05-28 10:20,5,55,2013-05-10 23:51,E,MOW,PAR
145,2013-05-29 02:05,2013-05-28 16:40,7,25,2013-05-10 23:51,E,MOW,PAR
146,2013-05-29 02:05,2013-05-28 18:40,5,25,2013-05-10 23:51,E,MOW,PAR
147,2013-05-15 22:15,2013-05-15 18:15,6,0,2013-05-10 23:51,E,MOW,PAR
148,2013-05-29 01:25,2013-05-28 16:55,6,30,2013-05-10 23:51,E,MOW,PAR
149,2013-05-15 21:35,2013-05-15 17:15,6,20,2013-05-10 23:51,E,MOW,PAR
150,2013-05-29 04:20,2013-05-28 19:40,6,40,2013-05-10 23:51,E,MOW,PAR
151,2013-05-15 22:20,2013-05-15 16:30,7,50,2013-05-10 23:51,E,MOW,PAR
152,2013-05-28 22:35,2013-05-28 13:25,7,10,2013-05-10 23:51,E,MOW,PAR
153,2013-05-15 09:25,2013-05-15 05:30,5,55,2013-05-10 23:51,E,MOW,PAR
154,2013-05-15 10:45,2013-05-15 05:30,7,15,2013-05-10 23:51,E,MOW,PAR
155,2013-05-15 12:00,2013-05-15 05:30,8,30,2013-05-10 23:51,E,MOW,PAR
156,2013-05-29 02:05,2013-05-28 17:50,6,15,2013-05-10 23:51,E,MOW,PAR
157,2013-05-15 12:40,2013-05-15 10:35,4,5,2013-05-10 23:51,E,MOW,PAR
158,2013-05-28 15:00,2013-05-28 09:20,3,40,2013-05-10 23:51,E,MOW,PAR
159,2013-05-28 21:30,2013-05-28 15:30,4,0,2013-05-10 23:51,E,MOW,PAR
160,2013-05-15 22:15,2013-05-15 18:15,6,0,2013-05-10 23:51,E,MOW,PAR
161,2013-05-28 20:05,2013-05-28 11:00,7,5,2013-05-10 23:51,E,MOW,PAR
162,2013-05-15 22:15,2013-05-15 18:15,6,0,2013-05-10 23:51,E,MOW,PAR
163,2013-05-28 14:50,2013-05-28 07:00,5,50,2013-05-10 23:51,E,MOW,PAR
164,2013-05-15 22:15,2013-05-15 18:15,6,0,2013-05-10 23:51,E,MOW,PAR
165,2013-05-28 14:45,2013-05-28 06:10,6,35,2013-05-10 23:51,E,MOW,PAR
166,2013-05-15 19:15,2013-05-15 15:40,5,35,2013-05-10 23:51,E,MOW,PAR
167,2013-05-15 21:35,2013-05-15 15:40,7,55,2013-05-10 23:51,E,MOW,PAR
168,2013-05-29 01:25,2013-05-28 16:55,6,30,2013-05-10 23:51,E,MOW,PAR
169,2013-05-15 13:15,2013-05-15 09:20,5,55,2013-05-10 23:51,E,MOW,PAR
170,2013-05-15 14:45,2013-05-15 09:20,7,25,2013-05-10 23:51,E,MOW,PAR
171,2013-05-28 17:30,2013-05-28 09:20,6,10,2013-05-10 23:51,E,MOW,PAR
172,2013-05-15 13:15,2013-05-15 07:05,8,10,2013-05-10 23:51,E,MOW,PAR
173,2013-05-15 10:45,2013-05-15 07:05,5,40,2013-05-10 23:51,E,MOW,PAR
174,2013-05-15 17:05,2013-05-15 13:35,5,30,2013-05-10 23:51,E,MOW,PAR
175,2013-05-15 18:15,2013-05-15 13:35,6,40,2013-05-10 23:51,E,MOW,PAR
176,2013-05-15 19:20,2013-05-15 13:35,7,45,2013-05-10 23:51,E,MOW,PAR
177,2013-05-15 21:35,2013-05-15 17:35,6,0,2013-05-10 23:51,E,MOW,PAR
178,2013-05-15 22:45,2013-05-15 17:35,7,10,2013-05-10 23:51,E,MOW,PAR
179,2013-05-15 22:45,2013-05-15 18:30,6,15,2013-05-10 23:51,E,MOW,PAR
180,2013-05-28 17:30,2013-05-28 09:20,6,10,2013-05-10 23:51,E,MOW,PAR
181,2013-05-15 19:35,2013-05-15 15:45,5,50,2013-05-10 23:51,E,MOW,PAR
182,2013-05-15 22:05,2013-05-15 15:45,8,20,2013-05-10 23:51,E,MOW,PAR
183,2013-05-28 15:10,2013-05-28 07:15,5,55,2013-05-10 23:51,E,MOW,PAR
184,2013-05-28 16:35,2013-05-28 07:15,7,20,2013-05-10 23:51,E,MOW,PAR
185,2013-05-15 12:40,2013-05-15 10:35,4,5,2013-05-10 23:51,E,MOW,PAR
186,2013-05-28 15:00,2013-05-28 09:20,3,40,2013-05-10 23:51,E,MOW,PAR
187,2013-05-28 21:30,2013-05-28 15:30,4,0,2013-05-10 23:51,E,MOW,PAR
188,2013-05-15 09:20,2013-05-15 07:25,3,55,2013-05-10 23:51,E,MOW,PAR
189,2013-05-15 11:40,2013-05-15 09:45,3,55,2013-05-10 23:51,E,MOW,PAR
190,2013-05-15 14:35,2013-05-15 12:40,3,55,2013-05-10 23:51,E,MOW,PAR
191,2013-05-15 16:05,2013-05-15 14:10,3,55,2013-05-10 23:51,E,MOW,PAR
192,2013-05-15 17:00,2013-05-15 15:05,3,55,2013-05-10 23:51,E,MOW,PAR
193,2013-05-15 18:10,2013-05-15 16:15,3,55,2013-05-10 23:51,E,MOW,PAR
194,2013-05-28 15:15,2013-05-28 09:35,3,40,2013-05-10 23:51,E,MOW,PAR
195,2013-05-28 18:35,2013-05-28 12:45,3,50,2013-05-10 23:51,E,MOW,PAR
196,2013-05-28 21:25,2013-05-28 15:55,3,30,2013-05-10 23:51,E,MOW,PAR
197,2013-05-29 05:00,2013-05-28 23:25,3,35,2013-05-10 23:51,E,MOW,PAR
198,2013-05-15 11:05,2013-05-15 05:50,7,15,2013-05-10 23:51,E,MOW,PAR
199,2013-05-15 23:25,2013-05-15 17:45,7,40,2013-05-10 23:51,E,MOW,PAR
200,2013-05-28 21:00,2013-05-28 11:05,7,55,2013-05-10 23:51,E,MOW,PAR
201,2013-05-15 11:05,2013-05-15 05:50,7,15,2013-05-10 23:51,E,MOW,PAR
202,2013-05-15 23:25,2013-05-15 17:45,7,40,2013-05-10 23:51,E,MOW,PAR
203,2013-05-28 16:35,2013-05-28 07:00,7,35,2013-05-10 23:51,E,MOW,PAR
204,2013-05-28 21:00,2013-05-28 12:35,6,25,2013-05-10 23:51,E,MOW,PAR
205,2013-05-29 03:35,2013-05-28 18:35,7,0,2013-05-10 23:51,E,MOW,PAR
206,2013-05-15 20:30,2013-05-15 16:55,5,35,2013-05-10 23:51,E,MOW,PAR
207,2013-05-28 16:10,2013-05-28 08:45,5,25,2013-05-10 23:51,E,MOW,PAR
208,2013-05-15 13:10,2013-05-15 11:10,4,0,2013-05-10 23:51,E,MOW,PAR
209,2013-05-28 15:15,2013-05-28 09:35,3,40,2013-05-10 23:51,E,MOW,PAR
210,2013-05-28 18:35,2013-05-28 12:45,3,50,2013-05-10 23:51,E,MOW,PAR
211,2013-05-28 21:25,2013-05-28 15:55,3,30,2013-05-10 23:51,E,MOW,PAR
212,2013-05-29 05:00,2013-05-28 23:25,3,35,2013-05-10 23:51,E,MOW,PAR
213,2013-05-15 09:20,2013-05-15 07:25,3,55,2013-05-10 23:51,E,MOW,PAR
214,2013-05-15 11:40,2013-05-15 09:45,3,55,2013-05-10 23:51,E,MOW,PAR
215,2013-05-15 14:35,2013-05-15 12:40,3,55,2013-05-10 23:51,E,MOW,PAR
216,2013-05-15 16:05,2013-05-15 14:10,3,55,2013-05-10 23:51,E,MOW,PAR
217,2013-05-15 17:00,2013-05-15 15:05,3,55,2013-05-10 23:51,E,MOW,PAR
218,2013-05-15 18:10,2013-05-15 16:15,3,55,2013-05-10 23:51,E,MOW,PAR
219,2013-05-28 17:20,2013-05-28 11:45,3,35,2013-05-10 23:51,E,MOW,PAR
220,2013-05-28 19:30,2013-05-28 14:00,3,30,2013-05-10 23:51,E,MOW,PAR
221,2013-05-28 23:45,2013-05-28 18:10,3,35,2013-05-10 23:51,E,MOW,PAR
222,2013-05-15 13:10,2013-05-15 11:10,4,0,2013-05-10 23:51,E,MOW,PAR
223,2013-05-28 17:20,2013-05-28 11:45,3,35,2013-05-10 23:51,E,MOW,PAR
224,2013-05-28 19:30,2013-05-28 14:00,3,30,2013-05-10 23:51,E,MOW,PAR
225,2013-05-28 23:45,2013-05-28 18:10,3,35,2013-05-10 23:51,E,MOW,PAR
226,2013-05-15 13:10,2013-05-15 11:10,4,0,2013-05-10 23:51,E,MOW,PAR
227,2013-05-15 14:35,2013-05-15 12:40,3,55,2013-05-10 23:51,E,MOW,PAR
228,2013-05-15 16:05,2013-05-15 14:10,3,55,2013-05-10 23:51,E,MOW,PAR
229,2013-05-15 17:00,2013-05-15 15:05,3,55,2013-05-10 23:51,E,MOW,PAR
230,2013-05-28 13:10,2013-05-28 07:30,3,40,2013-05-10 23:51,E,MOW,PAR
231,2013-05-28 18:35,2013-05-28 12:45,3,50,2013-05-10 23:51,E,MOW,PAR
232,2013-05-28 21:40,2013-05-28 16:00,3,40,2013-05-10 23:51,E,MOW,PAR
233,2013-05-29 01:10,2013-05-28 19:30,3,40,2013-05-10 23:51,E,MOW,PAR
234,2013-05-15 09:20,2013-05-15 07:25,3,55,2013-05-10 23:51,E,MOW,PAR
235,2013-05-15 11:40,2013-05-15 09:45,3,55,2013-05-10 23:51,E,MOW,PAR
236,2013-05-15 14:35,2013-05-15 12:40,3,55,2013-05-10 23:51,E,MOW,PAR
237,2013-05-15 16:05,2013-05-15 14:10,3,55,2013-05-10 23:51,E,MOW,PAR
238,2013-05-15 17:00,2013-05-15 15:05,3,55,2013-05-10 23:51,E,MOW,PAR
239,2013-05-15 18:10,2013-05-15 16:15,3,55,2013-05-10 23:51,E,MOW,PAR
240,2013-05-28 13:10,2013-05-28 07:30,3,40,2013-05-10 23:51,E,MOW,PAR
241,2013-05-29 01:10,2013-05-28 19:30,3,40,2013-05-10 23:51,E,MOW,PAR
242,2013-05-15 21:40,2013-05-15 19:45,3,55,2013-05-10 23:51,E,MOW,PAR
243,2013-05-28 15:15,2013-05-28 09:35,3,40,2013-05-10 23:51,E,MOW,PAR
244,2013-05-28 18:35,2013-05-28 12:45,3,50,2013-05-10 23:51,E,MOW,PAR
245,2013-05-28 21:25,2013-05-28 15:55,3,30,2013-05-10 23:51,E,MOW,PAR
246,2013-05-29 05:00,2013-05-28 23:25,3,35,2013-05-10 23:51,E,MOW,PAR
247,2013-05-15 13:10,2013-05-15 11:10,4,0,2013-05-10 23:51,E,MOW,PAR
248,2013-05-15 14:35,2013-05-15 12:40,3,55,2013-05-10 23:51,E,MOW,PAR
249,2013-05-15 16:05,2013-05-15 14:10,3,55,2013-05-10 23:51,E,MOW,PAR
250,2013-05-15 17:00,2013-05-15 15:05,3,55,2013-05-10 23:51,E,MOW,PAR
251,2013-05-28 23:45,2013-05-28 18:10,3,35,2013-05-10 23:51,E,MOW,PAR
252,2013-05-29 05:00,2013-05-28 23:25,3,35,2013-05-10 23:51,E,MOW,PAR
253,2013-05-15 09:20,2013-05-15 07:25,3,55,2013-05-10 23:51,E,MOW,PAR
254,2013-05-15 10:45,2013-05-15 08:50,3,55,2013-05-10 23:51,E,MOW,PAR
255,2013-05-15 11:40,2013-05-15 09:45,3,55,2013-05-10 23:51,E,MOW,PAR
256,2013-05-15 18:10,2013-05-15 16:15,3,55,2013-05-10 23:51,E,MOW,PAR
257,2013-05-15 21:40,2013-05-15 19:45,3,55,2013-05-10 23:51,E,MOW,PAR
258,2013-05-28 13:10,2013-05-28 07:30,3,40,2013-05-10 23:51,E,MOW,PAR
259,2013-05-28 18:35,2013-05-28 12:45,3,50,2013-05-10 23:51,E,MOW,PAR
260,2013-05-28 21:40,2013-05-28 16:00,3,40,2013-05-10 23:51,E,MOW,PAR
261,2013-05-29 01:10,2013-05-28 19:30,3,40,2013-05-10 23:51,E,MOW,PAR
262,2013-05-15 13:10,2013-05-15 11:10,4,0,2013-05-10 23:51,E,MOW,PAR
263,2013-05-28 13:10,2013-05-28 07:30,3,40,2013-05-10 23:51,E,MOW,PAR
264,2013-05-29 01:10,2013-05-28 19:30,3,40,2013-05-10 23:51,E,MOW,PAR
265,2013-05-15 21:40,2013-05-15 19:45,3,55,2013-05-10 23:51,E,MOW,PAR
266,2013-05-28 17:20,2013-05-28 11:45,3,35,2013-05-10 23:51,E,MOW,PAR
267,2013-05-28 19:30,2013-05-28 14:00,3,30,2013-05-10 23:51,E,MOW,PAR
268,2013-05-28 23:45,2013-05-28 18:10,3,35,2013-05-10 23:51,E,MOW,PAR
269,2013-05-15 09:20,2013-05-15 07:25,3,55,2013-05-10 23:51,E,MOW,PAR
270,2013-05-15 10:45,2013-05-15 08:50,3,55,2013-05-10 23:51,E,MOW,PAR
271,2013-05-15 11:40,2013-05-15 09:45,3,55,2013-05-10 23:51,E,MOW,PAR
272,2013-05-15 18:10,2013-05-15 16:15,3,55,2013-05-10 23:51,E,MOW,PAR
273,2013-05-15 21:40,2013-05-15 19:45,3,55,2013-05-10 23:51,E,MOW,PAR
274,2013-05-28 23:45,2013-05-28 18:10,3,35,2013-05-10 23:51,E,MOW,PAR
275,2013-05-29 05:00,2013-05-28 23:25,3,35,2013-05-10 23:51,E,MOW,PAR
276,2013-05-15 22:20,2013-05-15 17:20,7,0,2013-05-10 23:51,E,MOW,PAR
277,2013-05-15 22:20,2013-05-15 18:50,5,30,2013-05-10 23:51,E,MOW,PAR
278,2013-05-28 20:05,2013-05-28 11:00,7,5,2013-05-10 23:51,E,MOW,PAR
279,2013-05-15 13:10,2013-05-15 11:10,4,0,2013-05-10 23:51,E,MOW,PAR
280,2013-05-15 14:35,2013-05-15 12:40,3,55,2013-05-10 23:51,E,MOW,PAR
281,2013-05-15 16:05,2013-05-15 14:10,3,55,2013-05-10 23:51,E,MOW,PAR
282,2013-05-15 17:00,2013-05-15 15:05,3,55,2013-05-10 23:51,E,MOW,PAR
283,2013-05-28 17:20,2013-05-28 11:45,3,35,2013-05-10 23:51,E,MOW,PAR
284,2013-05-15 21:40,2013-05-15 19:45,3,55,2013-05-10 23:51,E,MOW,PAR
285,2013-05-28 13:10,2013-05-28 07:30,3,40,2013-05-10 23:51,E,MOW,PAR
286,2013-05-29 01:10,2013-05-28 19:30,3,40,2013-05-10 23:51,E,MOW,PAR
287,2013-05-15 20:55,2013-05-15 18:55,4,0,2013-05-10 23:51,E,MOW,PAR
288,2013-05-28 13:10,2013-05-28 07:30,3,40,2013-05-10 23:51,E,MOW,PAR
289,2013-05-28 18:35,2013-05-28 12:45,3,50,2013-05-10 23:51,E,MOW,PAR
290,2013-05-28 21:40,2013-05-28 16:00,3,40,2013-05-10 23:51,E,MOW,PAR
291,2013-05-29 01:10,2013-05-28 19:30,3,40,2013-05-10 23:51,E,MOW,PAR
292,2013-05-15 09:20,2013-05-15 07:25,3,55,2013-05-10 23:51,E,MOW,PAR
293,2013-05-15 11:40,2013-05-15 09:45,3,55,2013-05-10 23:51,E,MOW,PAR
294,2013-05-15 14:35,2013-05-15 12:40,3,55,2013-05-10 23:51,E,MOW,PAR
295,2013-05-15 16:05,2013-05-15 14:10,3,55,2013-05-10 23:51,E,MOW,PAR
296,2013-05-15 17:00,2013-05-15 15:05,3,55,2013-05-10 23:51,E,MOW,PAR
297,2013-05-15 18:10,2013-05-15 16:15,3,55,2013-05-10 23:51,E,MOW,PAR
298,2013-05-28 21:40,2013-05-28 16:00,3,40,2013-05-10 23:51,E,MOW,PAR
299,2013-05-15 10:45,2013-05-15 08:50,3,55,2013-05-10 23:51,E,MOW,PAR
300,2013-05-15 20:55,2013-05-15 18:55,4,0,2013-05-10 23:51,E,MOW,PAR
301,2013-05-28 15:15,2013-05-28 09:35,3,40,2013-05-10 23:51,E,MOW,PAR
302,2013-05-28 18:35,2013-05-28 12:45,3,50,2013-05-10 23:51,E,MOW,PAR
303,2013-05-28 21:25,2013-05-28 15:55,3,30,2013-05-10 23:51,E,MOW,PAR
304,2013-05-29 05:00,2013-05-28 23:25,3,35,2013-05-10 23:51,E,MOW,PAR
305,2013-05-15 20:55,2013-05-15 18:55,4,0,2013-05-10 23:51,E,MOW,PAR
306,2013-05-28 23:45,2013-05-28 18:10,3,35,2013-05-10 23:51,E,MOW,PAR
307,2013-05-29 05:00,2013-05-28 23:25,3,35,2013-05-10 23:51,E,MOW,PAR
308,2013-05-15 09:20,2013-05-15 07:25,3,55,2013-05-10 23:51,E,MOW,PAR
309,2013-05-15 10:45,2013-05-15 08:50,3,55,2013-05-10 23:51,E,MOW,PAR
310,2013-05-15 11:40,2013-05-15 09:45,3,55,2013-05-10 23:51,E,MOW,PAR
311,2013-05-15 18:10,2013-05-15 16:15,3,55,2013-05-10 23:51,E,MOW,PAR
312,2013-05-15 21:40,2013-05-15 19:45,3,55,2013-05-10 23:51,E,MOW,PAR
313,2013-05-28 17:20,2013-05-28 11:45,3,35,2013-05-10 23:51,E,MOW,PAR
314,2013-05-15 13:10,2013-05-15 11:10,4,0,2013-05-10 23:51,E,MOW,PAR
315,2013-05-15 14:35,2013-05-15 12:40,3,55,2013-05-10 23:51,E,MOW,PAR
316,2013-05-15 16:05,2013-05-15 14:10,3,55,2013-05-10 23:51,E,MOW,PAR
317,2013-05-15 17:00,2013-05-15 15:05,3,55,2013-05-10 23:51,E,MOW,PAR
318,2013-05-28 15:15,2013-05-28 09:35,3,40,2013-05-10 23:51,E,MOW,PAR
319,2013-05-28 19:30,2013-05-28 14:00,3,30,2013-05-10 23:51,E,MOW,PAR
320,2013-05-28 21:25,2013-05-28 15:55,3,30,2013-05-10 23:51,E,MOW,PAR
321,2013-05-15 13:10,2013-05-15 11:10,4,0,2013-05-10 23:51,E,MOW,PAR
322,2013-05-28 21:40,2013-05-28 16:00,3,40,2013-05-10 23:51,E,MOW,PAR
323,2013-05-15 10:45,2013-05-15 08:50,3,55,2013-05-10 23:51,E,MOW,PAR
324,2013-05-15 20:55,2013-05-15 18:55,4,0,2013-05-10 23:51,E,MOW,PAR
325,2013-05-28 17:20,2013-05-28 11:45,3,35,2013-05-10 23:51,E,MOW,PAR
326,2013-05-28 19:30,2013-05-28 14:00,3,30,2013-05-10 23:51,E,MOW,PAR
327,2013-05-28 23:45,2013-05-28 18:10,3,35,2013-05-10 23:51,E,MOW,PAR
328,2013-05-15 21:35,2013-05-15 17:10,6,25,2013-05-10 23:51,E,MOW,PAR
329,2013-05-28 21:30,2013-05-28 12:20,7,10,2013-05-10 23:51,E,MOW,PAR
330,2013-05-15 09:20,2013-05-15 07:25,3,55,2013-05-10 23:51,E,MOW,PAR
331,2013-05-15 10:45,2013-05-15 08:50,3,55,2013-05-10 23:51,E,MOW,PAR
332,2013-05-15 11:40,2013-05-15 09:45,3,55,2013-05-10 23:51,E,MOW,PAR
333,2013-05-15 18:10,2013-05-15 16:15,3,55,2013-05-10 23:51,E,MOW,PAR
334,2013-05-15 21:40,2013-05-15 19:45,3,55,2013-05-10 23:51,E,MOW,PAR
335,2013-05-28 15:15,2013-05-28 09:35,3,40,2013-05-10 23:51,E,MOW,PAR
336,2013-05-28 19:30,2013-05-28 14:00,3,30,2013-05-10 23:51,E,MOW,PAR
337,2013-05-28 21:25,2013-05-28 15:55,3,30,2013-05-10 23:51,E,MOW,PAR
338,2013-05-15 20:55,2013-05-15 18:55,4,0,2013-05-10 23:51,E,MOW,PAR
339,2013-05-28 17:20,2013-05-28 11:45,3,35,2013-05-10 23:51,E,MOW,PAR
340,2013-05-15 21:40,2013-05-15 19:45,3,55,2013-05-10 23:51,E,MOW,PAR
341,2013-05-28 21:40,2013-05-28 16:00,3,40,2013-05-10 23:51,E,MOW,PAR
342,2013-05-15 10:45,2013-05-15 08:50,3,55,2013-05-10 23:51,E,MOW,PAR
343,2013-05-15 20:55,2013-05-15 18:55,4,0,2013-05-10 23:51,E,MOW,PAR
344,2013-05-28 13:10,2013-05-28 07:30,3,40,2013-05-10 23:51,E,MOW,PAR
345,2013-05-29 01:10,2013-05-28 19:30,3,40,2013-05-10 23:51,E,MOW,PAR
346,2013-05-15 12:40,2013-05-15 10:35,4,5,2013-05-10 23:51,E,MOW,PAR
347,2013-05-28 15:00,2013-05-28 09:20,3,40,2013-05-10 23:51,E,MOW,PAR
348,2013-05-28 21:30,2013-05-28 15:30,4,0,2013-05-10 23:51,E,MOW,PAR
349,2013-05-15 20:55,2013-05-15 18:55,4,0,2013-05-10 23:51,E,MOW,PAR
350,2013-05-28 15:15,2013-05-28 09:35,3,40,2013-05-10 23:51,E,MOW,PAR
351,2013-05-28 19:30,2013-05-28 14:00,3,30,2013-05-10 23:51,E,MOW,PAR
352,2013-05-28 21:25,2013-05-28 15:55,3,30,2013-05-10 23:51,E,MOW,PAR
353,2013-05-15 12:40,2013-05-15 10:35,4,5,2013-05-10 23:51,E,MOW,PAR
354,2013-05-28 15:00,2013-05-28 09:20,3,40,2013-05-10 23:51,E,MOW,PAR
355,2013-05-28 21:30,2013-05-28 15:30,4,0,2013-05-10 23:51,E,MOW,PAR
356,2013-05-15 10:45,2013-05-15 08:50,3,55,2013-05-10 23:51,E,MOW,PAR
357,2013-05-15 20:55,2013-05-15 18:55,4,0,2013-05-10 23:51,E,MOW,PAR
358,2013-05-28 21:40,2013-05-28 16:00,3,40,2013-05-10 23:51,E,MOW,PAR
359,2013-05-15 09:20,2013-05-15 07:25,3,55,2013-05-10 23:51,E,MOW,PAR
360,2013-05-15 10:45,2013-05-15 08:50,3,55,2013-05-10 23:51,E,MOW,PAR
361,2013-05-15 11:40,2013-05-15 09:45,3,55,2013-05-10 23:51,E,MOW,PAR
362,2013-05-15 13:10,2013-05-15 11:10,4,0,2013-05-10 23:51,E,MOW,PAR
363,2013-05-15 14:35,2013-05-15 12:40,3,55,2013-05-10 23:51,E,MOW,PAR
364,2013-05-15 16:05,2013-05-15 14:10,3,55,2013-05-10 23:51,E,MOW,PAR
365,2013-05-15 17:00,2013-05-15 15:05,3,55,2013-05-10 23:51,E,MOW,PAR
366,2013-05-15 18:10,2013-05-15 16:15,3,55,2013-05-10 23:51,E,MOW,PAR
367,2013-05-15 20:55,2013-05-15 18:55,4,0,2013-05-10 23:51,E,MOW,PAR
368,2013-05-15 21:40,2013-05-15 19:45,3,55,2013-05-10 23:51,E,MOW,PAR
369,2013-05-28 21:30,2013-05-28 15:30,4,0,2013-05-10 23:51,E,MOW,PAR
370,2013-05-15 12:40,2013-05-15 10:35,4,5,2013-05-10 23:51,E,MOW,PAR
371,2013-05-28 13:10,2013-05-28 07:30,3,40,2013-05-10 23:51,E,MOW,PAR
372,2013-05-28 15:15,2013-05-28 09:35,3,40,2013-05-10 23:51,E,MOW,PAR
373,2013-05-28 17:20,2013-05-28 11:45,3,35,2013-05-10 23:51,E,MOW,PAR
374,2013-05-28 18:35,2013-05-28 12:45,3,50,2013-05-10 23:51,E,MOW,PAR
375,2013-05-28 19:30,2013-05-28 14:00,3,30,2013-05-10 23:51,E,MOW,PAR
376,2013-05-28 21:25,2013-05-28 15:55,3,30,2013-05-10 23:51,E,MOW,PAR
377,2013-05-28 21:40,2013-05-28 16:00,3,40,2013-05-10 23:51,E,MOW,PAR
378,2013-05-28 23:45,2013-05-28 18:10,3,35,2013-05-10 23:51,E,MOW,PAR
379,2013-05-29 01:10,2013-05-28 19:30,3,40,2013-05-10 23:51,E,MOW,PAR
380,2013-05-29 05:00,2013-05-28 23:25,3,35,2013-05-10 23:51,E,MOW,PAR
