,arr_time,dep_time,dur_hours,dur_minutes,fl_class,fl_from,fl_to,parse_time
0,2013-05-16 17:10,2013-05-16 12:20,6,50,B,LED,ROM,2013-05-13 16:25
1,2013-05-31 11:50,2013-05-30 17:55,15,55,B,LED,ROM,2013-05-13 16:25
2,2013-05-16 19:20,2013-05-16 11:00,10,20,B,LED,ROM,2013-05-13 16:25
3,2013-05-31 14:50,2013-05-30 20:05,16,45,B,LED,ROM,2013-05-13 16:25
4,2013-05-31 17:00,2013-05-30 20:05,18,55,B,LED,ROM,2013-05-13 16:25
5,2013-05-16 11:00,2013-05-16 05:50,7,10,B,LED,ROM,2013-05-13 16:25
6,2013-05-16 13:30,2013-05-16 05:50,9,40,B,LED,ROM,2013-05-13 16:25
7,2013-05-30 16:00,2013-05-30 06:40,7,20,B,LED,ROM,2013-05-13 16:25
8,2013-05-31 00:25,2013-05-30 06:40,15,45,B,LED,ROM,2013-05-13 16:25
9,2013-05-30 16:00,2013-05-30 08:45,5,15,B,LED,ROM,2013-05-13 16:25
10,2013-05-31 00:25,2013-05-30 08:45,13,40,B,LED,ROM,2013-05-13 16:25
11,2013-05-31 00:25,2013-05-30 12:05,10,20,B,LED,ROM,2013-05-13 16:25
12,2013-05-31 00:25,2013-05-30 14:30,7,55,B,LED,ROM,2013-05-13 16:25
13,2013-05-31 00:25,2013-05-30 17:20,5,5,B,LED,ROM,2013-05-13 16:25
14,2013-05-16 11:00,2013-05-16 05:50,7,10,B,LED,ROM,2013-05-13 16:25
15,2013-05-16 13:30,2013-05-16 05:50,9,40,B,LED,ROM,2013-05-13 16:25
16,2013-05-31 00:15,2013-05-30 06:45,15,30,B,LED,ROM,2013-05-13 16:25
17,2013-05-30 18:10,2013-05-30 06:45,9,25,B,LED,ROM,2013-05-13 16:25
18,2013-05-31 00:15,2013-05-30 10:10,12,5,B,LED,ROM,2013-05-13 16:25
19,2013-05-30 18:10,2013-05-30 10:10,6,0,B,LED,ROM,2013-05-13 16:25
20,2013-05-31 00:15,2013-05-30 13:20,8,55,B,LED,ROM,2013-05-13 16:25
21,2013-05-31 00:15,2013-05-30 14:55,7,20,B,LED,ROM,2013-05-13 16:25
22,2013-05-16 11:00,2013-05-16 05:50,7,10,B,LED,ROM,2013-05-13 16:25
23,2013-05-16 13:30,2013-05-16 05:50,9,40,B,LED,ROM,2013-05-13 16:25
24,2013-05-31 03:25,2013-05-30 15:05,10,20,B,LED,ROM,2013-05-13 16:25
25,2013-05-16 12:30,2013-05-16 06:05,8,25,B,LED,ROM,2013-05-13 16:25
26,2013-05-16 14:05,2013-05-16 06:05,10,0,B,LED,ROM,2013-05-13 16:25
27,2013-05-16 23:35,2013-05-16 14:55,10,40,B,LED,ROM,2013-05-13 16:25
28,2013-05-16 23:35,2013-05-16 19:20,6,15,B,LED,ROM,2013-05-13 16:25
29,2013-05-30 16:00,2013-05-30 06:40,7,20,B,LED,ROM,2013-05-13 16:25
30,2013-05-31 00:25,2013-05-30 06:40,15,45,B,LED,ROM,2013-05-13 16:25
31,2013-05-30 16:00,2013-05-30 08:45,5,15,B,LED,ROM,2013-05-13 16:25
32,2013-05-31 00:25,2013-05-30 08:45,13,40,B,LED,ROM,2013-05-13 16:25
33,2013-05-31 00:25,2013-05-30 12:05,10,20,B,LED,ROM,2013-05-13 16:25
34,2013-05-31 00:25,2013-05-30 14:30,7,55,B,LED,ROM,2013-05-13 16:25
35,2013-05-31 00:25,2013-05-30 17:20,5,5,B,LED,ROM,2013-05-13 16:25
36,2013-05-16 11:00,2013-05-16 05:50,7,10,B,LED,ROM,2013-05-13 16:25
37,2013-05-16 13:30,2013-05-16 05:50,9,40,B,LED,ROM,2013-05-13 16:25
38,2013-05-31 16:00,2013-05-30 19:05,18,55,B,LED,ROM,2013-05-13 16:25
39,2013-05-16 13:30,2013-05-16 05:50,9,40,B,LED,ROM,2013-05-13 16:25
40,2013-05-30 16:00,2013-05-30 06:40,7,20,B,LED,ROM,2013-05-13 16:25
41,2013-05-30 16:00,2013-05-30 08:45,5,15,B,LED,ROM,2013-05-13 16:25
42,2013-05-31 00:25,2013-05-30 12:05,10,20,B,LED,ROM,2013-05-13 16:25
43,2013-05-31 00:25,2013-05-30 14:30,7,55,B,LED,ROM,2013-05-13 16:25
44,2013-05-31 00:25,2013-05-30 17:20,5,5,B,LED,ROM,2013-05-13 16:25
45,2013-05-16 12:30,2013-05-16 06:05,8,25,B,LED,ROM,2013-05-13 16:25
46,2013-05-16 14:05,2013-05-16 06:05,10,0,B,LED,ROM,2013-05-13 16:25
47,2013-05-16 23:35,2013-05-16 14:55,10,40,B,LED,ROM,2013-05-13 16:25
48,2013-05-16 23:35,2013-05-16 19:20,6,15,B,LED,ROM,2013-05-13 16:25
49,2013-05-31 00:15,2013-05-30 06:45,15,30,B,LED,ROM,2013-05-13 16:25
50,2013-05-30 18:10,2013-05-30 06:45,9,25,B,LED,ROM,2013-05-13 16:25
51,2013-05-31 00:15,2013-05-30 10:10,12,5,B,LED,ROM,2013-05-13 16:25
52,2013-05-30 18:10,2013-05-30 10:10,6,0,B,LED,ROM,2013-05-13 16:25
53,2013-05-31 00:15,2013-05-30 13:20,8,55,B,LED,ROM,2013-05-13 16:25
54,2013-05-31 00:15,2013-05-30 14:55,7,20,B,LED,ROM,2013-05-13 16:25
55,2013-05-16 12:30,2013-05-16 06:05,8,25,B,LED,ROM,2013-05-13 16:25
56,2013-05-16 14:05,2013-05-16 06:05,10,0,B,LED,ROM,2013-05-13 16:25
57,2013-05-16 23:35,2013-05-16 14:55,10,40,B,LED,ROM,2013-05-13 16:25
58,2013-05-16 23:35,2013-05-16 19:20,6,15,B,LED,ROM,2013-05-13 16:25
59,2013-05-31 03:25,2013-05-30 15:05,10,20,B,LED,ROM,2013-05-13 16:25
60,2013-05-16 13:30,2013-05-16 05:50,9,40,B,LED,ROM,2013-05-13 16:25
61,2013-05-30 18:10,2013-05-30 06:45,9,25,B,LED,ROM,2013-05-13 16:25
62,2013-05-30 18:10,2013-05-30 10:10,6,0,B,LED,ROM,2013-05-13 16:25
63,2013-05-31 00:15,2013-05-30 13:20,8,55,B,LED,ROM,2013-05-13 16:25
64,2013-05-31 00:15,2013-05-30 14:55,7,20,B,LED,ROM,2013-05-13 16:25
65,2013-05-16 13:30,2013-05-16 05:50,9,40,B,LED,ROM,2013-05-13 16:25
66,2013-05-31 03:25,2013-05-30 15:05,10,20,B,LED,ROM,2013-05-13 16:25
67,2013-05-16 12:30,2013-05-16 06:05,8,25,B,LED,ROM,2013-05-13 16:25
68,2013-05-16 14:05,2013-05-16 06:05,10,0,B,LED,ROM,2013-05-13 16:25
69,2013-05-16 23:35,2013-05-16 14:55,10,40,B,LED,ROM,2013-05-13 16:25
70,2013-05-16 23:35,2013-05-16 19:20,6,15,B,LED,ROM,2013-05-13 16:25
71,2013-05-31 16:00,2013-05-30 19:05,18,55,B,LED,ROM,2013-05-13 16:25
72,2013-05-16 14:05,2013-05-16 06:05,10,0,B,LED,ROM,2013-05-13 16:25
73,2013-05-16 23:35,2013-05-16 14:55,10,40,B,LED,ROM,2013-05-13 16:25
74,2013-05-30 16:00,2013-05-30 06:40,7,20,B,LED,ROM,2013-05-13 16:25
75,2013-05-30 16:00,2013-05-30 08:45,5,15,B,LED,ROM,2013-05-13 16:25
76,2013-05-31 00:25,2013-05-30 12:05,10,20,B,LED,ROM,2013-05-13 16:25
77,2013-05-31 00:25,2013-05-30 14:30,7,55,B,LED,ROM,2013-05-13 16:25
78,2013-05-31 00:25,2013-05-30 17:20,5,5,B,LED,ROM,2013-05-13 16:25
79,2013-05-16 14:05,2013-05-16 06:05,10,0,B,LED,ROM,2013-05-13 16:25
80,2013-05-16 23:35,2013-05-16 14:55,10,40,B,LED,ROM,2013-05-13 16:25
81,2013-05-30 18:10,2013-05-30 06:45,9,25,B,LED,ROM,2013-05-13 16:25
82,2013-05-30 18:10,2013-05-30 10:10,6,0,B,LED,ROM,2013-05-13 16:25
83,2013-05-31 00:15,2013-05-30 13:20,8,55,B,LED,ROM,2013-05-13 16:25
84,2013-05-31 00:15,2013-05-30 14:55,7,20,B,LED,ROM,2013-05-13 16:25
85,2013-05-16 14:05,2013-05-16 06:05,10,0,B,LED,ROM,2013-05-13 16:25
86,2013-05-16 23:35,2013-05-16 14:55,10,40,B,LED,ROM,2013-05-13 16:25
87,2013-05-31 03:25,2013-05-30 15:05,10,20,B,LED,ROM,2013-05-13 16:25
88,2013-05-16 17:10,2013-05-16 12:20,6,50,B,LED,ROM,2013-05-13 16:25
89,2013-05-31 14:50,2013-05-30 20:05,16,45,B,LED,ROM,2013-05-13 16:25
90,2013-05-31 17:00,2013-05-30 20:05,18,55,B,LED,ROM,2013-05-13 16:25
91,2013-05-16 19:20,2013-05-16 11:00,10,20,B,LED,ROM,2013-05-13 16:25
92,2013-05-31 11:50,2013-05-30 17:55,15,55,B,LED,ROM,2013-05-13 16:25
93,2013-05-16 14:20,2013-05-16 05:20,11,0,B,LED,ROM,2013-05-13 16:25
94,2013-05-30 16:00,2013-05-30 06:40,7,20,B,LED,ROM,2013-05-13 16:25
95,2013-05-31 00:25,2013-05-30 06:40,15,45,B,LED,ROM,2013-05-13 16:25
96,2013-05-30 16:00,2013-05-30 08:45,5,15,B,LED,ROM,2013-05-13 16:25
97,2013-05-31 00:25,2013-05-30 08:45,13,40,B,LED,ROM,2013-05-13 16:25
98,2013-05-31 00:25,2013-05-30 12:05,10,20,B,LED,ROM,2013-05-13 16:25
99,2013-05-31 00:25,2013-05-30 14:30,7,55,B,LED,ROM,2013-05-13 16:25
100,2013-05-31 00:25,2013-05-30 17:20,5,5,B,LED,ROM,2013-05-13 16:25
101,2013-05-16 14:20,2013-05-16 05:20,11,0,B,LED,ROM,2013-05-13 16:25
102,2013-05-31 00:15,2013-05-30 06:45,15,30,B,LED,ROM,2013-05-13 16:25
103,2013-05-30 18:10,2013-05-30 06:45,9,25,B,LED,ROM,2013-05-13 16:25
104,2013-05-31 00:15,2013-05-30 10:10,12,5,B,LED,ROM,2013-05-13 16:25
105,2013-05-30 18:10,2013-05-30 10:10,6,0,B,LED,ROM,2013-05-13 16:25
106,2013-05-31 00:15,2013-05-30 13:20,8,55,B,LED,ROM,2013-05-13 16:25
107,2013-05-31 00:15,2013-05-30 14:55,7,20,B,LED,ROM,2013-05-13 16:25
108,2013-05-16 14:20,2013-05-16 05:20,11,0,B,LED,ROM,2013-05-13 16:25
109,2013-05-31 03:25,2013-05-30 15:05,10,20,B,LED,ROM,2013-05-13 16:25
110,2013-05-16 14:20,2013-05-16 05:20,11,0,B,LED,ROM,2013-05-13 16:25
111,2013-05-31 16:00,2013-05-30 19:05,18,55,B,LED,ROM,2013-05-13 16:25
112,2013-05-16 14:20,2013-05-16 05:20,11,0,B,LED,ROM,2013-05-13 16:25
113,2013-05-30 16:00,2013-05-30 06:40,7,20,B,LED,ROM,2013-05-13 16:25
114,2013-05-30 16:00,2013-05-30 08:45,5,15,B,LED,ROM,2013-05-13 16:25
115,2013-05-31 00:25,2013-05-30 12:05,10,20,B,LED,ROM,2013-05-13 16:25
116,2013-05-31 00:25,2013-05-30 14:30,7,55,B,LED,ROM,2013-05-13 16:25
117,2013-05-31 00:25,2013-05-30 17:20,5,5,B,LED,ROM,2013-05-13 16:25
118,2013-05-16 11:00,2013-05-16 05:50,7,10,B,LED,ROM,2013-05-13 16:25
119,2013-05-30 16:00,2013-05-30 06:40,7,20,B,LED,ROM,2013-05-13 16:25
120,2013-05-30 16:00,2013-05-30 08:45,5,15,B,LED,ROM,2013-05-13 16:25
121,2013-05-31 00:25,2013-05-30 12:05,10,20,B,LED,ROM,2013-05-13 16:25
122,2013-05-31 00:25,2013-05-30 14:30,7,55,B,LED,ROM,2013-05-13 16:25
123,2013-05-31 00:25,2013-05-30 17:20,5,5,B,LED,ROM,2013-05-13 16:25
124,2013-05-16 14:20,2013-05-16 05:20,11,0,B,LED,ROM,2013-05-13 16:25
125,2013-05-30 18:10,2013-05-30 06:45,9,25,B,LED,ROM,2013-05-13 16:25
126,2013-05-30 18:10,2013-05-30 10:10,6,0,B,LED,ROM,2013-05-13 16:25
127,2013-05-31 00:15,2013-05-30 13:20,8,55,B,LED,ROM,2013-05-13 16:25
128,2013-05-31 00:15,2013-05-30 14:55,7,20,B,LED,ROM,2013-05-13 16:25
129,2013-05-16 11:00,2013-05-16 05:50,7,10,B,LED,ROM,2013-05-13 16:25
130,2013-05-31 03:25,2013-05-30 15:05,10,20,B,LED,ROM,2013-05-13 16:25
131,2013-05-16 11:00,2013-05-16 05:50,7,10,B,LED,ROM,2013-05-13 16:25
132,2013-05-30 18:10,2013-05-30 06:45,9,25,B,LED,ROM,2013-05-13 16:25
133,2013-05-30 18:10,2013-05-30 10:10,6,0,B,LED,ROM,2013-05-13 16:25
134,2013-05-31 00:15,2013-05-30 13:20,8,55,B,LED,ROM,2013-05-13 16:25
135,2013-05-31 00:15,2013-05-30 14:55,7,20,B,LED,ROM,2013-05-13 16:25
136,2013-05-16 12:30,2013-05-16 06:05,8,25,B,LED,ROM,2013-05-13 16:25
137,2013-05-16 23:35,2013-05-16 19:20,6,15,B,LED,ROM,2013-05-13 16:25
138,2013-05-30 16:00,2013-05-30 06:40,7,20,B,LED,ROM,2013-05-13 16:25
139,2013-05-30 16:00,2013-05-30 08:45,5,15,B,LED,ROM,2013-05-13 16:25
140,2013-05-31 00:25,2013-05-30 12:05,10,20,B,LED,ROM,2013-05-13 16:25
141,2013-05-31 00:25,2013-05-30 14:30,7,55,B,LED,ROM,2013-05-13 16:25
142,2013-05-31 00:25,2013-05-30 17:20,5,5,B,LED,ROM,2013-05-13 16:25
143,2013-05-16 12:30,2013-05-16 06:05,8,25,B,LED,ROM,2013-05-13 16:25
144,2013-05-16 23:35,2013-05-16 19:20,6,15,B,LED,ROM,2013-05-13 16:25
145,2013-05-31 03:25,2013-05-30 15:05,10,20,B,LED,ROM,2013-05-13 16:25
146,2013-05-16 12:30,2013-05-16 06:05,8,25,B,LED,ROM,2013-05-13 16:25
147,2013-05-16 23:35,2013-05-16 19:20,6,15,B,LED,ROM,2013-05-13 16:25
148,2013-05-30 18:10,2013-05-30 06:45,9,25,B,LED,ROM,2013-05-13 16:25
149,2013-05-30 18:10,2013-05-30 10:10,6,0,B,LED,ROM,2013-05-13 16:25
150,2013-05-31 00:15,2013-05-30 13:20,8,55,B,LED,ROM,2013-05-13 16:25
151,2013-05-31 00:15,2013-05-30 14:55,7,20,B,LED,ROM,2013-05-13 16:25
152,2013-05-16 11:00,2013-05-16 05:50,7,10,B,LED,ROM,2013-05-13 16:25
153,2013-05-16 13:30,2013-05-16 05:50,9,40,B,LED,ROM,2013-05-13 16:25
154,2013-05-31 13:50,2013-05-30 19:15,16,35,B,LED,ROM,2013-05-13 16:25
155,2013-05-16 12:30,2013-05-16 06:05,8,25,B,LED,ROM,2013-05-13 16:25
156,2013-05-16 14:05,2013-05-16 06:05,10,0,B,LED,ROM,2013-05-13 16:25
157,2013-05-16 23:35,2013-05-16 14:55,10,40,B,LED,ROM,2013-05-13 16:25
158,2013-05-16 23:35,2013-05-16 19:20,6,15,B,LED,ROM,2013-05-13 16:25
159,2013-05-31 13:50,2013-05-30 19:15,16,35,B,LED,ROM,2013-05-13 16:25
160,2013-05-16 11:00,2013-05-16 05:50,7,10,B,LED,ROM,2013-05-13 16:25
161,2013-05-16 13:30,2013-05-16 05:50,9,40,B,LED,ROM,2013-05-13 16:25
162,2013-05-31 13:50,2013-05-30 18:25,17,25,B,LED,ROM,2013-05-13 16:25
163,2013-05-16 12:30,2013-05-16 06:05,8,25,B,LED,ROM,2013-05-13 16:25
164,2013-05-16 14:05,2013-05-16 06:05,10,0,B,LED,ROM,2013-05-13 16:25
165,2013-05-16 23:35,2013-05-16 14:55,10,40,B,LED,ROM,2013-05-13 16:25
166,2013-05-16 23:35,2013-05-16 19:20,6,15,B,LED,ROM,2013-05-13 16:25
167,2013-05-31 13:50,2013-05-30 18:25,17,25,B,LED,ROM,2013-05-13 16:25
168,2013-05-16 14:20,2013-05-16 05:20,11,0,B,LED,ROM,2013-05-13 16:25
169,2013-05-31 13:50,2013-05-30 19:15,16,35,B,LED,ROM,2013-05-13 16:25
170,2013-05-16 14:20,2013-05-16 05:20,11,0,B,LED,ROM,2013-05-13 16:25
171,2013-05-31 13:50,2013-05-30 18:25,17,25,B,LED,ROM,2013-05-13 16:25
172,2013-05-16 19:05,2013-05-16 15:05,6,0,B,LED,ROM,2013-05-13 16:25
173,2013-05-16 22:40,2013-05-16 15:05,9,35,B,LED,ROM,2013-05-13 16:25
174,2013-05-31 11:50,2013-05-30 17:55,15,55,B,LED,ROM,2013-05-13 16:25
175,2013-05-16 19:05,2013-05-16 15:05,6,0,B,LED,ROM,2013-05-13 16:25
176,2013-05-30 16:00,2013-05-30 06:40,7,20,B,LED,ROM,2013-05-13 16:25
177,2013-05-30 16:00,2013-05-30 08:45,5,15,B,LED,ROM,2013-05-13 16:25
178,2013-05-31 00:25,2013-05-30 12:05,10,20,B,LED,ROM,2013-05-13 16:25
179,2013-05-31 00:25,2013-05-30 14:30,7,55,B,LED,ROM,2013-05-13 16:25
180,2013-05-31 00:25,2013-05-30 17:20,5,5,B,LED,ROM,2013-05-13 16:25
181,2013-05-16 19:05,2013-05-16 15:05,6,0,B,LED,ROM,2013-05-13 16:25
182,2013-05-30 18:10,2013-05-30 06:45,9,25,B,LED,ROM,2013-05-13 16:25
183,2013-05-30 18:10,2013-05-30 10:10,6,0,B,LED,ROM,2013-05-13 16:25
184,2013-05-31 00:15,2013-05-30 13:20,8,55,B,LED,ROM,2013-05-13 16:25
185,2013-05-31 00:15,2013-05-30 14:55,7,20,B,LED,ROM,2013-05-13 16:25
186,2013-05-16 19:05,2013-05-16 15:05,6,0,B,LED,ROM,2013-05-13 16:25
187,2013-05-31 03:25,2013-05-30 15:05,10,20,B,LED,ROM,2013-05-13 16:25
188,2013-05-16 19:05,2013-05-16 15:05,6,0,B,LED,ROM,2013-05-13 16:25
189,2013-05-16 22:40,2013-05-16 15:05,9,35,B,LED,ROM,2013-05-13 16:25
190,2013-05-30 16:00,2013-05-30 06:40,7,20,B,LED,ROM,2013-05-13 16:25
191,2013-05-31 00:25,2013-05-30 06:40,15,45,B,LED,ROM,2013-05-13 16:25
192,2013-05-30 16:00,2013-05-30 08:45,5,15,B,LED,ROM,2013-05-13 16:25
193,2013-05-31 00:25,2013-05-30 08:45,13,40,B,LED,ROM,2013-05-13 16:25
194,2013-05-31 00:25,2013-05-30 12:05,10,20,B,LED,ROM,2013-05-13 16:25
195,2013-05-31 00:25,2013-05-30 14:30,7,55,B,LED,ROM,2013-05-13 16:25
196,2013-05-31 00:25,2013-05-30 17:20,5,5,B,LED,ROM,2013-05-13 16:25
197,2013-05-16 21:00,2013-05-16 17:10,5,50,B,LED,ROM,2013-05-13 16:25
198,2013-05-30 16:00,2013-05-30 06:40,7,20,B,LED,ROM,2013-05-13 16:25
199,2013-05-30 16:00,2013-05-30 08:45,5,15,B,LED,ROM,2013-05-13 16:25
200,2013-05-31 00:25,2013-05-30 12:05,10,20,B,LED,ROM,2013-05-13 16:25
201,2013-05-31 00:25,2013-05-30 14:30,7,55,B,LED,ROM,2013-05-13 16:25
202,2013-05-31 00:25,2013-05-30 17:20,5,5,B,LED,ROM,2013-05-13 16:25
203,2013-05-16 19:05,2013-05-16 15:05,6,0,B,LED,ROM,2013-05-13 16:25
204,2013-05-16 22:40,2013-05-16 15:05,9,35,B,LED,ROM,2013-05-13 16:25
205,2013-05-31 14:15,2013-05-30 19:55,16,20,B,LED,ROM,2013-05-13 16:25
206,2013-05-16 21:00,2013-05-16 17:10,5,50,B,LED,ROM,2013-05-13 16:25
207,2013-05-30 18:10,2013-05-30 06:45,9,25,B,LED,ROM,2013-05-13 16:25
208,2013-05-30 18:10,2013-05-30 10:10,6,0,B,LED,ROM,2013-05-13 16:25
209,2013-05-31 00:15,2013-05-30 13:20,8,55,B,LED,ROM,2013-05-13 16:25
210,2013-05-31 00:15,2013-05-30 14:55,7,20,B,LED,ROM,2013-05-13 16:25
211,2013-05-16 19:05,2013-05-16 15:05,6,0,B,LED,ROM,2013-05-13 16:25
212,2013-05-16 22:40,2013-05-16 15:05,9,35,B,LED,ROM,2013-05-13 16:25
213,2013-05-31 00:15,2013-05-30 06:45,15,30,B,LED,ROM,2013-05-13 16:25
214,2013-05-30 18:10,2013-05-30 06:45,9,25,B,LED,ROM,2013-05-13 16:25
215,2013-05-31 00:15,2013-05-30 10:10,12,5,B,LED,ROM,2013-05-13 16:25
216,2013-05-30 18:10,2013-05-30 10:10,6,0,B,LED,ROM,2013-05-13 16:25
217,2013-05-31 00:15,2013-05-30 13:20,8,55,B,LED,ROM,2013-05-13 16:25
218,2013-05-31 00:15,2013-05-30 14:55,7,20,B,LED,ROM,2013-05-13 16:25
219,2013-05-16 19:05,2013-05-16 15:05,6,0,B,LED,ROM,2013-05-13 16:25
220,2013-05-16 22:40,2013-05-16 15:05,9,35,B,LED,ROM,2013-05-13 16:25
221,2013-05-31 03:25,2013-05-30 15:05,10,20,B,LED,ROM,2013-05-13 16:25
222,2013-05-16 19:05,2013-05-16 15:05,6,0,B,LED,ROM,2013-05-13 16:25
223,2013-05-16 22:40,2013-05-16 15:05,9,35,B,LED,ROM,2013-05-13 16:25
224,2013-05-31 16:00,2013-05-30 19:05,18,55,B,LED,ROM,2013-05-13 16:25
225,2013-05-16 19:05,2013-05-16 15:05,6,0,B,LED,ROM,2013-05-13 16:25
226,2013-05-16 22:40,2013-05-16 15:05,9,35,B,LED,ROM,2013-05-13 16:25
227,2013-05-31 14:50,2013-05-30 20:05,16,45,B,LED,ROM,2013-05-13 16:25
228,2013-05-31 17:00,2013-05-30 20:05,18,55,B,LED,ROM,2013-05-13 16:25
229,2013-05-16 22:35,2013-05-16 18:30,6,5,B,LED,ROM,2013-05-13 16:25
230,2013-05-30 15:35,2013-05-30 07:00,6,35,B,LED,ROM,2013-05-13 16:25
231,2013-05-30 15:35,2013-05-30 07:10,6,25,B,LED,ROM,2013-05-13 16:25
232,2013-05-30 15:35,2013-05-30 07:10,6,25,B,LED,ROM,2013-05-13 16:25
233,2013-05-30 22:15,2013-05-30 10:20,9,55,B,LED,ROM,2013-05-13 16:25
234,2013-05-30 22:15,2013-05-30 12:50,7,25,B,LED,ROM,2013-05-13 16:25
235,2013-05-30 22:15,2013-05-30 12:50,7,25,B,LED,ROM,2013-05-13 16:25
236,2013-05-16 11:50,2013-05-16 07:15,6,35,B,LED,ROM,2013-05-13 16:25
237,2013-05-16 11:50,2013-05-16 07:15,6,35,B,LED,ROM,2013-05-13 16:25
238,2013-05-16 12:15,2013-05-16 07:15,7,0,B,LED,ROM,2013-05-13 16:25
239,2013-05-16 22:25,2013-05-16 16:30,7,55,B,LED,ROM,2013-05-13 16:25
240,2013-05-16 21:40,2013-05-16 16:30,7,10,B,LED,ROM,2013-05-13 16:25
241,2013-05-16 21:40,2013-05-16 16:30,7,10,B,LED,ROM,2013-05-13 16:25
242,2013-05-30 15:35,2013-05-30 07:00,6,35,B,LED,ROM,2013-05-13 16:25
243,2013-05-30 15:35,2013-05-30 07:10,6,25,B,LED,ROM,2013-05-13 16:25
244,2013-05-30 15:35,2013-05-30 07:10,6,25,B,LED,ROM,2013-05-13 16:25
245,2013-05-30 22:15,2013-05-30 10:20,9,55,B,LED,ROM,2013-05-13 16:25
246,2013-05-30 22:15,2013-05-30 12:50,7,25,B,LED,ROM,2013-05-13 16:25
247,2013-05-30 22:15,2013-05-30 12:50,7,25,B,LED,ROM,2013-05-13 16:25
248,2013-05-16 22:35,2013-05-16 18:30,6,5,B,LED,ROM,2013-05-13 16:25
249,2013-05-30 17:35,2013-05-30 06:20,9,15,B,LED,ROM,2013-05-13 16:25
250,2013-05-16 17:50,2013-05-16 07:15,12,35,B,LED,ROM,2013-05-13 16:25
251,2013-05-16 11:50,2013-05-16 07:15,6,35,B,LED,ROM,2013-05-13 16:25
252,2013-05-16 14:40,2013-05-16 07:15,9,25,B,LED,ROM,2013-05-13 16:25
253,2013-05-16 16:00,2013-05-16 07:15,10,45,B,LED,ROM,2013-05-13 16:25
254,2013-05-16 19:45,2013-05-16 07:15,14,30,B,LED,ROM,2013-05-13 16:25
255,2013-05-16 20:40,2013-05-16 07:15,15,25,B,LED,ROM,2013-05-13 16:25
256,2013-05-16 21:40,2013-05-16 07:15,16,25,B,LED,ROM,2013-05-13 16:25
257,2013-05-16 21:40,2013-05-16 16:30,7,10,B,LED,ROM,2013-05-13 16:25
258,2013-05-17 09:05,2013-05-16 16:30,18,35,B,LED,ROM,2013-05-13 16:25
259,2013-05-17 09:20,2013-05-16 16:30,18,50,B,LED,ROM,2013-05-13 16:25
260,2013-05-30 22:15,2013-05-30 07:10,13,5,B,LED,ROM,2013-05-13 16:25
261,2013-05-30 15:35,2013-05-30 07:10,6,25,B,LED,ROM,2013-05-13 16:25
262,2013-05-30 22:15,2013-05-30 10:20,9,55,B,LED,ROM,2013-05-13 16:25
263,2013-05-30 22:15,2013-05-30 12:50,7,25,B,LED,ROM,2013-05-13 16:25
264,2013-05-31 15:35,2013-05-30 18:00,19,35,B,LED,ROM,2013-05-13 16:25
265,2013-05-31 15:35,2013-05-30 18:50,18,45,B,LED,ROM,2013-05-13 16:25
266,2013-05-31 17:55,2013-05-30 20:40,19,15,B,LED,ROM,2013-05-13 16:25
267,2013-05-31 15:35,2013-05-30 20:40,16,55,B,LED,ROM,2013-05-13 16:25
268,2013-05-16 12:05,2013-05-16 10:20,3,45,B,LED,ROM,2013-05-13 16:25
269,2013-05-30 18:45,2013-05-30 13:05,3,40,B,LED,ROM,2013-05-13 16:25
270,2013-05-16 14:20,2013-05-16 06:10,10,10,B,LED,ROM,2013-05-13 16:25
271,2013-05-16 11:40,2013-05-16 06:10,7,30,B,LED,ROM,2013-05-13 16:25
272,2013-05-16 19:45,2013-05-16 07:15,14,30,B,LED,ROM,2013-05-13 16:25
273,2013-05-16 11:40,2013-05-16 07:15,6,25,B,LED,ROM,2013-05-13 16:25
274,2013-05-16 14:20,2013-05-16 07:15,9,5,B,LED,ROM,2013-05-13 16:25
275,2013-05-16 19:45,2013-05-16 10:25,11,20,B,LED,ROM,2013-05-13 16:25
276,2013-05-16 22:20,2013-05-16 10:25,13,55,B,LED,ROM,2013-05-13 16:25
277,2013-05-16 20:50,2013-05-16 10:25,12,25,B,LED,ROM,2013-05-13 16:25
278,2013-05-16 19:45,2013-05-16 11:50,9,55,B,LED,ROM,2013-05-13 16:25
279,2013-05-16 20:50,2013-05-16 11:50,11,0,B,LED,ROM,2013-05-13 16:25
280,2013-05-16 22:20,2013-05-16 11:50,12,30,B,LED,ROM,2013-05-13 16:25
281,2013-05-16 20:50,2013-05-16 13:05,9,45,B,LED,ROM,2013-05-13 16:25
282,2013-05-16 22:20,2013-05-16 13:05,11,15,B,LED,ROM,2013-05-13 16:25
283,2013-05-16 19:45,2013-05-16 13:05,8,40,B,LED,ROM,2013-05-13 16:25
284,2013-05-16 22:20,2013-05-16 13:50,10,30,B,LED,ROM,2013-05-13 16:25
285,2013-05-16 19:45,2013-05-16 13:50,7,55,B,LED,ROM,2013-05-13 16:25
286,2013-05-16 20:50,2013-05-16 13:50,9,0,B,LED,ROM,2013-05-13 16:25
287,2013-05-16 20:50,2013-05-16 15:45,7,5,B,LED,ROM,2013-05-13 16:25
288,2013-05-16 22:20,2013-05-16 15:45,8,35,B,LED,ROM,2013-05-13 16:25
289,2013-05-16 22:20,2013-05-16 16:20,8,0,B,LED,ROM,2013-05-13 16:25
290,2013-05-16 20:50,2013-05-16 16:20,6,30,B,LED,ROM,2013-05-13 16:25
291,2013-05-16 22:20,2013-05-16 17:40,6,40,B,LED,ROM,2013-05-13 16:25
292,2013-05-17 07:50,2013-05-16 21:35,12,15,B,LED,ROM,2013-05-13 16:25
293,2013-05-17 07:50,2013-05-16 23:00,10,50,B,LED,ROM,2013-05-13 16:25
294,2013-05-17 11:40,2013-05-16 23:00,14,40,B,LED,ROM,2013-05-13 16:25
295,2013-05-30 18:45,2013-05-30 13:05,3,40,B,LED,ROM,2013-05-13 16:25
296,2013-05-16 12:05,2013-05-16 10:20,3,45,B,LED,ROM,2013-05-13 16:25
297,2013-05-31 11:50,2013-05-30 17:55,15,55,B,LED,ROM,2013-05-13 16:25
298,2013-05-16 14:20,2013-05-16 06:10,10,10,B,LED,ROM,2013-05-13 16:25
299,2013-05-16 11:40,2013-05-16 06:10,7,30,B,LED,ROM,2013-05-13 16:25
300,2013-05-16 19:45,2013-05-16 07:15,14,30,B,LED,ROM,2013-05-13 16:25
301,2013-05-16 11:40,2013-05-16 07:15,6,25,B,LED,ROM,2013-05-13 16:25
302,2013-05-16 14:20,2013-05-16 07:15,9,5,B,LED,ROM,2013-05-13 16:25
303,2013-05-16 19:45,2013-05-16 10:25,11,20,B,LED,ROM,2013-05-13 16:25
304,2013-05-16 22:20,2013-05-16 10:25,13,55,B,LED,ROM,2013-05-13 16:25
305,2013-05-16 20:50,2013-05-16 10:25,12,25,B,LED,ROM,2013-05-13 16:25
306,2013-05-16 19:45,2013-05-16 11:50,9,55,B,LED,ROM,2013-05-13 16:25
307,2013-05-16 20:50,2013-05-16 11:50,11,0,B,LED,ROM,2013-05-13 16:25
308,2013-05-16 22:20,2013-05-16 11:50,12,30,B,LED,ROM,2013-05-13 16:25
309,2013-05-16 20:50,2013-05-16 13:05,9,45,B,LED,ROM,2013-05-13 16:25
310,2013-05-16 22:20,2013-05-16 13:05,11,15,B,LED,ROM,2013-05-13 16:25
311,2013-05-16 19:45,2013-05-16 13:05,8,40,B,LED,ROM,2013-05-13 16:25
312,2013-05-16 22:20,2013-05-16 13:50,10,30,B,LED,ROM,2013-05-13 16:25
313,2013-05-16 19:45,2013-05-16 13:50,7,55,B,LED,ROM,2013-05-13 16:25
314,2013-05-16 20:50,2013-05-16 13:50,9,0,B,LED,ROM,2013-05-13 16:25
315,2013-05-16 20:50,2013-05-16 15:45,7,5,B,LED,ROM,2013-05-13 16:25
316,2013-05-16 22:20,2013-05-16 15:45,8,35,B,LED,ROM,2013-05-13 16:25
317,2013-05-16 22:20,2013-05-16 16:20,8,0,B,LED,ROM,2013-05-13 16:25
318,2013-05-16 20:50,2013-05-16 16:20,6,30,B,LED,ROM,2013-05-13 16:25
319,2013-05-16 22:20,2013-05-16 17:40,6,40,B,LED,ROM,2013-05-13 16:25
320,2013-05-17 07:50,2013-05-16 21:35,12,15,B,LED,ROM,2013-05-13 16:25
321,2013-05-17 07:50,2013-05-16 23:00,10,50,B,LED,ROM,2013-05-13 16:25
322,2013-05-17 11:40,2013-05-16 23:00,14,40,B,LED,ROM,2013-05-13 16:25
323,2013-05-30 19:40,2013-05-30 10:40,7,0,B,LED,ROM,2013-05-13 16:25
324,2013-05-30 23:20,2013-05-30 10:40,10,40,B,LED,ROM,2013-05-13 16:25
325,2013-05-30 22:10,2013-05-30 10:40,9,30,B,LED,ROM,2013-05-13 16:25
326,2013-05-30 20:45,2013-05-30 10:40,8,5,B,LED,ROM,2013-05-13 16:25
327,2013-05-30 23:20,2013-05-30 12:40,8,40,B,LED,ROM,2013-05-13 16:25
328,2013-05-31 00:50,2013-05-30 12:40,10,10,B,LED,ROM,2013-05-13 16:25
329,2013-05-30 22:10,2013-05-30 12:40,7,30,B,LED,ROM,2013-05-13 16:25
330,2013-05-30 20:45,2013-05-30 12:40,6,5,B,LED,ROM,2013-05-13 16:25
331,2013-05-31 08:20,2013-05-30 21:40,8,40,B,LED,ROM,2013-05-13 16:25
332,2013-05-31 10:50,2013-05-30 21:40,11,10,B,LED,ROM,2013-05-13 16:25
333,2013-05-31 09:35,2013-05-30 21:40,9,55,B,LED,ROM,2013-05-13 16:25
334,2013-05-31 10:50,2013-05-30 23:05,9,45,B,LED,ROM,2013-05-13 16:25
335,2013-05-31 08:20,2013-05-30 23:05,7,15,B,LED,ROM,2013-05-13 16:25
336,2013-05-31 09:35,2013-05-30 23:05,8,30,B,LED,ROM,2013-05-13 16:25
337,2013-05-31 12:15,2013-05-30 23:05,11,10,B,LED,ROM,2013-05-13 16:25
338,2013-05-16 22:35,2013-05-16 18:30,6,5,B,LED,ROM,2013-05-13 16:25
339,2013-05-17 09:35,2013-05-16 18:30,17,5,B,LED,ROM,2013-05-13 16:25
340,2013-05-30 17:35,2013-05-30 06:20,9,15,B,LED,ROM,2013-05-13 16:25
341,2013-05-30 17:35,2013-05-30 08:55,6,40,B,LED,ROM,2013-05-13 16:25
342,2013-05-31 17:35,2013-05-30 19:55,19,40,B,LED,ROM,2013-05-13 16:25
343,2013-05-16 11:50,2013-05-16 07:15,6,35,B,LED,ROM,2013-05-13 16:25
344,2013-05-16 11:50,2013-05-16 07:15,6,35,B,LED,ROM,2013-05-13 16:25
345,2013-05-16 12:15,2013-05-16 07:15,7,0,B,LED,ROM,2013-05-13 16:25
346,2013-05-16 21:40,2013-05-16 16:30,7,10,B,LED,ROM,2013-05-13 16:25
347,2013-05-16 21:40,2013-05-16 16:30,7,10,B,LED,ROM,2013-05-13 16:25
348,2013-05-16 22:25,2013-05-16 16:30,7,55,B,LED,ROM,2013-05-13 16:25
349,2013-05-30 17:35,2013-05-30 06:20,9,15,B,LED,ROM,2013-05-13 16:25
350,2013-05-16 17:50,2013-05-16 07:15,12,35,B,LED,ROM,2013-05-13 16:25
351,2013-05-16 11:50,2013-05-16 07:15,6,35,B,LED,ROM,2013-05-13 16:25
352,2013-05-16 14:40,2013-05-16 07:15,9,25,B,LED,ROM,2013-05-13 16:25
353,2013-05-16 16:00,2013-05-16 07:15,10,45,B,LED,ROM,2013-05-13 16:25
354,2013-05-16 19:45,2013-05-16 07:15,14,30,B,LED,ROM,2013-05-13 16:25
355,2013-05-16 20:40,2013-05-16 07:15,15,25,B,LED,ROM,2013-05-13 16:25
356,2013-05-16 21:40,2013-05-16 07:15,16,25,B,LED,ROM,2013-05-13 16:25
357,2013-05-16 21:40,2013-05-16 16:30,7,10,B,LED,ROM,2013-05-13 16:25
358,2013-05-17 09:05,2013-05-16 16:30,18,35,B,LED,ROM,2013-05-13 16:25
359,2013-05-17 09:20,2013-05-16 16:30,18,50,B,LED,ROM,2013-05-13 16:25
360,2013-05-30 17:35,2013-05-30 06:20,9,15,B,LED,ROM,2013-05-13 16:25
361,2013-05-30 17:35,2013-05-30 08:55,6,40,B,LED,ROM,2013-05-13 16:25
362,2013-05-31 17:35,2013-05-30 19:55,19,40,B,LED,ROM,2013-05-13 16:25
363,2013-05-16 12:05,2013-05-16 10:20,3,45,B,LED,ROM,2013-05-13 16:25
364,2013-05-31 14:50,2013-05-30 20:05,16,45,B,LED,ROM,2013-05-13 16:25
365,2013-05-31 17:00,2013-05-30 20:05,18,55,B,LED,ROM,2013-05-13 16:25
366,2013-05-16 17:10,2013-05-16 12:20,6,50,B,LED,ROM,2013-05-13 16:25
367,2013-05-30 18:45,2013-05-30 13:05,3,40,B,LED,ROM,2013-05-13 16:25
368,2013-05-16 14:20,2013-05-16 05:20,11,0,B,LED,ROM,2013-05-13 16:25
369,2013-05-31 11:50,2013-05-30 17:55,15,55,B,LED,ROM,2013-05-13 16:25
370,2013-05-16 17:10,2013-05-16 12:20,6,50,B,LED,ROM,2013-05-13 16:25
371,2013-05-31 03:25,2013-05-30 15:05,10,20,B,LED,ROM,2013-05-13 16:25
372,2013-05-16 19:20,2013-05-16 11:00,10,20,B,LED,ROM,2013-05-13 16:25
373,2013-05-30 18:45,2013-05-30 13:05,3,40,B,LED,ROM,2013-05-13 16:25
374,2013-05-16 12:05,2013-05-16 10:20,3,45,B,LED,ROM,2013-05-13 16:25
375,2013-05-30 18:45,2013-05-30 13:05,3,40,B,LED,ROM,2013-05-13 16:25
